Workbook
Name ExterneDaten_1_1: 0
Name ExterneDaten_1_10: 0
Name ExterneDaten_1_11: 0
Name ExterneDaten_1_12: 0
Name ExterneDaten_1_13: 0
Name ExterneDaten_1_2: 0
Name ExterneDaten_1_3: 0
Name ExterneDaten_1_4: 0
Name ExterneDaten_1_5: 0
Name ExterneDaten_1_6: 0
Name ExterneDaten_1_7: 0
Name ExterneDaten_1_8: 0
Name ExterneDaten_1_9: 0

Sheet offen_aus_25
A1: Name | B1: ID | C1: Befreit? | D1: Offene Stunden aus 25 (bis 31.12.2025) | E1: Stunden ab 26 | F1: noch immer offene Stunden nach Ausgleich
A2: Abdelouahed El Haddoui | B2: 826067 | D2: 0 | E2: =VLOOKUP(B2,Gesamtstunden_26!B:I,8,0) -> 1.3333333 | F2: =D2-E2 -> -1.3333333
A3: Adelheid Henrich | B3: 136454 | D3: 3.3333333 | E3: =VLOOKUP(B3,Gesamtstunden_26!B:I,8,0) -> 1.6666667 | F3: =D3-E3 -> 1.6666667
A4: Adrian Deptuch | B4: 216555 | D4: 4.6733333 | E4: =VLOOKUP(B4,Gesamtstunden_26!B:I,8,0) -> 1.6666667 | F4: =D4-E4 -> 3.0066667
A5: Adrian Rölver | B5: 298763 | D5: 5.6666667 | E5: =VLOOKUP(B5,Gesamtstunden_26!B:I,8,0) -> 0.66666667 | F5: =D5-E5 -> 5
A6: Aicha Boutasfat | B6: 276971 | D6: 0 | E6: =VLOOKUP(B6,Gesamtstunden_26!B:I,8,0) -> 0.33333333 | F6: =D6-E6 -> -0.33333333
A7: Aileen Taschner | B7: 214380 | D7: 0 | E7: =VLOOKUP(B7,Gesamtstunden_26!B:I,8,0) -> 0 | F7: =D7-E7 -> 0
A8: Alberto Kästner Fritsch | B8: 794748 | D8: 3 | E8: =VLOOKUP(B8,Gesamtstunden_26!B:I,8,0) -> 0 | F8: =D8-E8 -> 3
A9: Aleksandra Aleksic-Bardjesteh | B9: 662108 | D9: 0 | E9: =VLOOKUP(B9,Gesamtstunden_26!B:I,8,0) -> 0 | F9: =D9-E9 -> 0
A10: Alena Klein | B10: 742934 | D10: 14 | E10: =VLOOKUP(B10,Gesamtstunden_26!B:I,8,0) -> 0 | F10: =D10-E10 -> 14
A11: Alena Korbut | B11: 509374 | D11: 0 | E11: =VLOOKUP(B11,Gesamtstunden_26!B:I,8,0) -> 3.5 | F11: =D11-E11 -> -3.5
A12: Alexander Epp | B12: 703098 | D12: 9.1666667 | E12: =VLOOKUP(B12,Gesamtstunden_26!B:I,8,0) -> 0.66666667 | F12: =D12-E12 -> 8.5
A13: Alexander Roppelt | B13: 720432 | D13: 0.33333333 | E13: =VLOOKUP(B13,Gesamtstunden_26!B:I,8,0) -> 1.6666667 | F13: =D13-E13 -> -1.3333333
... A814: Zacharias Funk | B814: 746046 | D814: 0 | E814: =VLOOKUP(B814,Gesamtstunden_26!B:I,8,0) -> 1 | F814: =D814-E814 -> -1

Sheet Gesamtstunden_26
A1: Name | B1: ID | C1: Befreit? | D1: Vereinseintritt | E1: Offene Stunden aus 25 | F1: Soll-Stunden für 26 | G1: Offene Stunden für 26 | H1: für 26 zählende Stunden | I1: Gesamtstunden (in 26 geleistet) | J1: Öffentlichkeitsarbeit | K1: Fairteilerreinigung | L1: Abholung Nicht-Premium | M1: Fairteilungen (z.B. Friedensgemeinde) | N1: Anlieferung (z.B. Friedensgemeinde) | O1: Probeabholungen
A2: Abdelouahed El Haddoui | B2: 826067 | E2: 0 | F2: 6 | G2: =F2-H2 -> 4.6666667 | H2: =I2-E2 -> 1.3333333 | I2: =SUM(J2:O2) -> 1.3333333 | J2: =SUMIF(Oeffentlichkeitsarbeit!$D:$D,$B2,Oeffentlichkeitsarbeit!$F:$F) -> 0 | K2: =COUNTIF(Fairteiler!$D:$D,$B2)*1/2 -> 0 | L2: =COUNTIF('NP-Betrieb'!D:D,$B2)*1/3 -> 1.3333333 | M2: =COUNTIF(Fairteilungen!$D:$D,$B2)*3/4 -> 0 | N2: =COUNTIF(Anlieferung!D:D,$B2)*1/2 -> 0 | O2: =COUNTIF(Probeabholungen!B:B,$B2)*1/3 -> 0
A3: Adelheid Henrich | B3: 136454 | E3: 3.3333333 | F3: 6 | G3: =F3-H3 -> 7.6666667 | H3: =I3-E3 -> -1.6666667 | I3: =SUM(J3:O3) -> 1.6666667 | J3: =SUMIF(Oeffentlichkeitsarbeit!$D:$D,$B3,Oeffentlichkeitsarbeit!$F:$F) -> 0 | K3: =COUNTIF(Fairteiler!$D:$D,$B3)*1/2 -> 0 | L3: =COUNTIF('NP-Betrieb'!D:D,$B3)*1/3 -> 1.6666667 | M3: =COUNTIF(Fairteilungen!$D:$D,$B3)*3/4 -> 0 | N3: =COUNTIF(Anlieferung!D:D,$B3)*1/2 -> 0 | O3: =COUNTIF(Probeabholungen!B:B,$B3)*1/3 -> 0
A4: Adrian Deptuch | B4: 216555 | E4: 4.6733333 | F4: 6 | G4: =F4-H4 -> 9.0066667 | H4: =I4-E4 -> -3.0066667 | I4: =SUM(J4:O4) -> 1.6666667 | J4: =SUMIF(Oeffentlichkeitsarbeit!$D:$D,$B4,Oeffentlichkeitsarbeit!$F:$F) -> 0 | K4: =COUNTIF(Fairteiler!$D:$D,$B4)*1/2 -> 0 | L4: =COUNTIF('NP-Betrieb'!D:D,$B4)*1/3 -> 1.6666667 | M4: =COUNTIF(Fairteilungen!$D:$D,$B4)*3/4 -> 0 | N4: =COUNTIF(Anlieferung!D:D,$B4)*1/2 -> 0 | O4: =COUNTIF(Probeabholungen!B:B,$B4)*1/3 -> 0
A5: Adrian Rölver | B5: 298763 | E5: 5.6666667 | F5: 6 | G5: =F5-H5 -> 11 | H5: =I5-E5 -> -5 | I5: =SUM(J5:O5) -> 0.66666667 | J5: =SUMIF(Oeffentlichkeitsarbeit!$D:$D,$B5,Oeffentlichkeitsarbeit!$F:$F) -> 0 | K5: =COUNTIF(Fairteiler!$D:$D,$B5)*1/2 -> 0 | L5: =COUNTIF('NP-Betrieb'!D:D,$B5)*1/3 -> 0.66666667 | M5: =COUNTIF(Fairteilungen!$D:$D,$B5)*3/4 -> 0 | N5: =COUNTIF(Anlieferung!D:D,$B5)*1/2 -> 0 | O5: =COUNTIF(Probeabholungen!B:B,$B5)*1/3 -> 0
A6: Aicha Boutasfat | B6: 276971 | C6: BV (alte Regelung, unbefristet 100%) | E6: 0 | F6: 0 | G6: =F6-H6 -> -0.33333333 | H6: =I6-E6 -> 0.33333333 | I6: =SUM(J6:O6) -> 0.33333333 | J6: =SUMIF(Oeffentlichkeitsarbeit!$D:$D,$B6,Oeffentlichkeitsarbeit!$F:$F) -> 0 | K6: =COUNTIF(Fairteiler!$D:$D,$B6)*1/2 -> 0 | L6: =COUNTIF('NP-Betrieb'!D:D,$B6)*1/3 -> 0.33333333 | M6: =COUNTIF(Fairteilungen!$D:$D,$B6)*3/4 -> 0 | N6: =COUNTIF(Anlieferung!D:D,$B6)*1/2 -> 0 | O6: =COUNTIF(Probeabholungen!B:B,$B6)*1/3 -> 0
A7: Aileen Taschner | B7: 214380 | E7: 0 | F7: 6 | G7: =F7-H7 -> 6 | H7: =I7-E7 -> 0 | I7: =SUM(J7:O7) -> 0 | J7: =SUMIF(Oeffentlichkeitsarbeit!$D:$D,$B7,Oeffentlichkeitsarbeit!$F:$F) -> 0 | K7: =COUNTIF(Fairteiler!$D:$D,$B7)*1/2 -> 0 | L7: =COUNTIF('NP-Betrieb'!D:D,$B7)*1/3 -> 0 | M7: =COUNTIF(Fairteilungen!$D:$D,$B7)*3/4 -> 0 | N7: =COUNTIF(Anlieferung!D:D,$B7)*1/2 -> 0 | O7: =COUNTIF(Probeabholungen!B:B,$B7)*1/3 -> 0
A8: Alberto Kästner Fritsch | B8: 794748 | D8: 45845 | E8: 3 | F8: 6 | G8: =F8-H8 -> 9 | H8: =I8-E8 -> -3 | I8: =SUM(J8:O8) -> 0 | J8: =SUMIF(Oeffentlichkeitsarbeit!$D:$D,$B8,Oeffentlichkeitsarbeit!$F:$F) -> 0 | K8: =COUNTIF(Fairteiler!$D:$D,$B8)*1/2 -> 0 | L8: =COUNTIF('NP-Betrieb'!D:D,$B8)*1/3 -> 0 | M8: =COUNTIF(Fairteilungen!$D:$D,$B8)*3/4 -> 0 | N8: =COUNTIF(Anlieferung!D:D,$B8)*1/2 -> 0 | O8: =COUNTIF(Probeabholungen!B:B,$B8)*1/3 -> 0
A9: Aleksandra Aleksic-Bardjesteh | B9: 662108 | D9: 45228 | E9: 0 | F9: 6 | G9: =F9-H9 -> 6 | H9: =I9-E9 -> 0 | I9: =SUM(J9:O9) -> 0 | J9: =SUMIF(Oeffentlichkeitsarbeit!$D:$D,$B9,Oeffentlichkeitsarbeit!$F:$F) -> 0 | K9: =COUNTIF(Fairteiler!$D:$D,$B9)*1/2 -> 0 | L9: =COUNTIF('NP-Betrieb'!D:D,$B9)*1/3 -> 0 | M9: =COUNTIF(Fairteilungen!$D:$D,$B9)*3/4 -> 0 | N9: =COUNTIF(Anlieferung!D:D,$B9)*1/2 -> 0 | O9: =COUNTIF(Probeabholungen!B:B,$B9)*1/3 -> 0
A10: Alena Klein | B10: 742934 | D10: 45097 | E10: 14 | F10: 6 | G10: =F10-H10 -> 20 | H10: =I10-E10 -> -14 | I10: =SUM(J10:O10) -> 0 | J10: =SUMIF(Oeffentlichkeitsarbeit!$D:$D,$B10,Oeffentlichkeitsarbeit!$F:$F) -> 0 | K10: =COUNTIF(Fairteiler!$D:$D,$B10)*1/2 -> 0 | L10: =COUNTIF('NP-Betrieb'!D:D,$B10)*1/3 -> 0 | M10: =COUNTIF(Fairteilungen!$D:$D,$B10)*3/4 -> 0 | N10: =COUNTIF(Anlieferung!D:D,$B10)*1/2 -> 0 | O10: =COUNTIF(Probeabholungen!B:B,$B10)*1/3 -> 0
A11: Alena Korbut | B11: 509374 | E11: 0 | F11: 6 | G11: =F11-H11 -> 2.5 | H11: =I11-E11 -> 3.5 | I11: =SUM(J11:O11) -> 3.5 | J11: =SUMIF(Oeffentlichkeitsarbeit!$D:$D,$B11,Oeffentlichkeitsarbeit!$F:$F) -> 0 | K11: =COUNTIF(Fairteiler!$D:$D,$B11)*1/2 -> 3.5 | L11: =COUNTIF('NP-Betrieb'!D:D,$B11)*1/3 -> 0 | M11: =COUNTIF(Fairteilungen!$D:$D,$B11)*3/4 -> 0 | N11: =COUNTIF(Anlieferung!D:D,$B11)*1/2 -> 0 | O11: =COUNTIF(Probeabholungen!B:B,$B11)*1/3 -> 0
A12: Alexander Epp | B12: 703098 | D12: 45058 | E12: 9.1666667 | F12: 6 | G12: =F12-H12 -> 14.5 | H12: =I12-E12 -> -8.5 | I12: =SUM(J12:O12) -> 0.66666667 | J12: =SUMIF(Oeffentlichkeitsarbeit!$D:$D,$B12,Oeffentlichkeitsarbeit!$F:$F) -> 0 | K12: =COUNTIF(Fairteiler!$D:$D,$B12)*1/2 -> 0 | L12: =COUNTIF('NP-Betrieb'!D:D,$B12)*1/3 -> 0.66666667 | M12: =COUNTIF(Fairteilungen!$D:$D,$B12)*3/4 -> 0 | N12: =COUNTIF(Anlieferung!D:D,$B12)*1/2 -> 0 | O12: =COUNTIF(Probeabholungen!B:B,$B12)*1/3 -> 0
A13: Alexander Roppelt | B13: 720432 | D13: 45061 | E13: 0.33333333 | F13: 6 | G13: =F13-H13 -> 4.6666667 | H13: =I13-E13 -> 1.3333333 | I13: =SUM(J13:O13) -> 1.6666667 | J13: =SUMIF(Oeffentlichkeitsarbeit!$D:$D,$B13,Oeffentlichkeitsarbeit!$F:$F) -> 0 | K13: =COUNTIF(Fairteiler!$D:$D,$B13)*1/2 -> 0 | L13: =COUNTIF('NP-Betrieb'!D:D,$B13)*1/3 -> 1.6666667 | M13: =COUNTIF(Fairteilungen!$D:$D,$B13)*3/4 -> 0 | N13: =COUNTIF(Anlieferung!D:D,$B13)*1/2 -> 0 | O13: =COUNTIF(Probeabholungen!B:B,$B13)*1/3 -> 0
A14: Alexander Stecher | B14: 557897 | E14: 0 | F14: 6 | G14: =F14-H14 -> -4.6666667 | H14: =I14-E14 -> 10.666667 | I14: =SUM(J14:O14) -> 10.666667 | J14: =SUMIF(Oeffentlichkeitsarbeit!$D:$D,$B14,Oeffentlichkeitsarbeit!$F:$F) -> 0 | K14: =COUNTIF(Fairteiler!$D:$D,$B14)*1/2 -> 4 | L14: =COUNTIF('NP-Betrieb'!D:D,$B14)*1/3 -> 6.6666667 | M14: =COUNTIF(Fairteilungen!$D:$D,$B14)*3/4 -> 0 | N14: =COUNTIF(Anlieferung!D:D,$B14)*1/2 -> 0 | O14: =COUNTIF(Probeabholungen!B:B,$B14)*1/3 -> 0
A15: Alexander Vainshtein | B15: 871845 | D15: 45612 | E15: 0 | F15: 6 | G15: =F15-H15 -> 2.6666667 | H15: =I15-E15 -> 3.3333333 | I15: =SUM(J15:O15) -> 3.3333333 | J15: =SUMIF(Oeffentlichkeitsarbeit!$D:$D,$B15,Oeffentlichkeitsarbeit!$F:$F) -> 0 | K15: =COUNTIF(Fairteiler!$D:$D,$B15)*1/2 -> 0 | L15: =COUNTIF('NP-Betrieb'!D:D,$B15)*1/3 -> 3.3333333 | M15: =COUNTIF(Fairteilungen!$D:$D,$B15)*3/4 -> 0 | N15: =COUNTIF(Anlieferung!D:D,$B15)*1/2 -> 0 | O15: =COUNTIF(Probeabholungen!B:B,$B15)*1/3 -> 0
A16: Alexandra Arend | B16: 643035 | E16: 5.3333333 | F16: 6 | G16: =F16-H16 -> 11.333333 | H16: =I16-E16 -> -5.3333333 | I16: =SUM(J16:O16) -> 0 | J16: =SUMIF(Oeffentlichkeitsarbeit!$D:$D,$B16,Oeffentlichkeitsarbeit!$F:$F) -> 0 | K16: =COUNTIF(Fairteiler!$D:$D,$B16)*1/2 -> 0 | L16: =COUNTIF('NP-Betrieb'!D:D,$B16)*1/3 -> 0 | M16: =COUNTIF(Fairteilungen!$D:$D,$B16)*3/4 -> 0 | N16: =COUNTIF(Anlieferung!D:D,$B16)*1/2 -> 0 | O16: =COUNTIF(Probeabholungen!B:B,$B16)*1/3 -> 0
A17: Alexandra Jansen | B17: 654688 | C17: GdB 50 | E17: 0 | F17: 0 | G17: =F17-H17 -> 0 | H17: =I17-E17 -> 0 | I17: =SUM(J17:O17) -> 0 | J17: =SUMIF(Oeffentlichkeitsarbeit!$D:$D,$B17,Oeffentlichkeitsarbeit!$F:$F) -> 0 | K17: =COUNTIF(Fairteiler!$D:$D,$B17)*1/2 -> 0 | L17: =COUNTIF('NP-Betrieb'!D:D,$B17)*1/3 -> 0 | M17: =COUNTIF(Fairteilungen!$D:$D,$B17)*3/4 -> 0 | N17: =COUNTIF(Anlieferung!D:D,$B17)*1/2 -> 0 | O17: =COUNTIF(Probeabholungen!B:B,$B17)*1/3 -> 0
A18: Alexandra Päzolt | B18: 964211 | D18: 45985 | E18: 0 | F18: 6 | G18: =F18-H18 -> -3.6666667 | H18: =I18-E18 -> 9.6666667 | I18: =SUM(J18:O18) -> 9.6666667 | J18: =SUMIF(Oeffentlichkeitsarbeit!$D:$D,$B18,Oeffentlichkeitsarbeit!$F:$F) -> 0 | K18: =COUNTIF(Fairteiler!$D:$D,$B18)*1/2 -> 0 | L18: =COUNTIF('NP-Betrieb'!D:D,$B18)*1/3 -> 9.6666667 | M18: =COUNTIF(Fairteilungen!$D:$D,$B18)*3/4 -> 0 | N18: =COUNTIF(Anlieferung!D:D,$B18)*1/2 -> 0 | O18: =COUNTIF(Probeabholungen!B:B,$B18)*1/3 -> 0
A19: Ali Kabouch | B19: 597806 | E19: 0 | F19: 6 | G19: =F19-H19 -> 4.6666667 | H19: =I19-E19 -> 1.3333333 | I19: =SUM(J19:O19) -> 1.3333333 | J19: =SUMIF(Oeffentlichkeitsarbeit!$D:$D,$B19,Oeffentlichkeitsarbeit!$F:$F) -> 0 | K19: =COUNTIF(Fairteiler!$D:$D,$B19)*1/2 -> 0 | L19: =COUNTIF('NP-Betrieb'!D:D,$B19)*1/3 -> 1.3333333 | M19: =COUNTIF(Fairteilungen!$D:$D,$B19)*3/4 -> 0 | N19: =COUNTIF(Anlieferung!D:D,$B19)*1/2 -> 0 | O19: =COUNTIF(Probeabholungen!B:B,$B19)*1/3 -> 0
A20: Alicia Artschwager | B20: 565142 | E20: 0 | F20: 6 | G20: =F20-H20 -> 3.6666667 | H20: =I20-E20 -> 2.3333333 | I20: =SUM(J20:O20) -> 2.3333333 | J20: =SUMIF(Oeffentlichkeitsarbeit!$D:$D,$B20,Oeffentlichkeitsarbeit!$F:$F) -> 0 | K20: =COUNTIF(Fairteiler!$D:$D,$B20)*1/2 -> 2 | L20: =COUNTIF('NP-Betrieb'!D:D,$B20)*1/3 -> 0.33333333 | M20: =COUNTIF(Fairteilungen!$D:$D,$B20)*3/4 -> 0 | N20: =COUNTIF(Anlieferung!D:D,$B20)*1/2 -> 0 | O20: =COUNTIF(Probeabholungen!B:B,$B20)*1/3 -> 0
A21: Alicia Koch | B21: 248981 | C21: Alter | E21: 0 | F21: 0 | G21: =F21-H21 -> -5 | H21: =I21-E21 -> 5 | I21: =SUM(J21:O21) -> 5 | J21: =SUMIF(Oeffentlichkeitsarbeit!$D:$D,$B21,Oeffentlichkeitsarbeit!$F:$F) -> 0 | K21: =COUNTIF(Fairteiler!$D:$D,$B21)*1/2 -> 0 | L21: =COUNTIF('NP-Betrieb'!D:D,$B21)*1/3 -> 3 | M21: =COUNTIF(Fairteilungen!$D:$D,$B21)*3/4 -> 0 | N21: =COUNTIF(Anlieferung!D:D,$B21)*1/2 -> 0 | O21: =COUNTIF(Probeabholungen!B:B,$B21)*1/3 -> 2
A22: Alicia Mohn | B22: 617287 | E22: 12 | F22: 6 | G22: =F22-H22 -> 18 | H22: =I22-E22 -> -12 | I22: =SUM(J22:O22) -> 0 | J22: =SUMIF(Oeffentlichkeitsarbeit!$D:$D,$B22,Oeffentlichkeitsarbeit!$F:$F) -> 0 | K22: =COUNTIF(Fairteiler!$D:$D,$B22)*1/2 -> 0 | L22: =COUNTIF('NP-Betrieb'!D:D,$B22)*1/3 -> 0 | M22: =COUNTIF(Fairteilungen!$D:$D,$B22)*3/4 -> 0 | N22: =COUNTIF(Anlieferung!D:D,$B22)*1/2 -> 0 | O22: =COUNTIF(Probeabholungen!B:B,$B22)*1/3 -> 0
A23: Alicia Schrader | B23: 805780 | D23: 45531 | E23: 6.6666667 | F23: 6 | G23: =F23-H23 -> 12.666667 | H23: =I23-E23 -> -6.6666667 | I23: =SUM(J23:O23) -> 0 | J23: =SUMIF(Oeffentlichkeitsarbeit!$D:$D,$B23,Oeffentlichkeitsarbeit!$F:$F) -> 0 | K23: =COUNTIF(Fairteiler!$D:$D,$B23)*1/2 -> 0 | L23: =COUNTIF('NP-Betrieb'!D:D,$B23)*1/3 -> 0 | M23: =COUNTIF(Fairteilungen!$D:$D,$B23)*3/4 -> 0 | N23: =COUNTIF(Anlieferung!D:D,$B23)*1/2 -> 0 | O23: =COUNTIF(Probeabholungen!B:B,$B23)*1/3 -> 0
A24: Alina Braun | B24: 480180 | D24: 45171 | E24: 0 | F24: 6 | G24: =F24-H24 -> 5.6666667 | H24: =I24-E24 -> 0.33333333 | I24: =SUM(J24:O24) -> 0.33333333 | J24: =SUMIF(Oeffentlichkeitsarbeit!$D:$D,$B24,Oeffentlichkeitsarbeit!$F:$F) -> 0 | K24: =COUNTIF(Fairteiler!$D:$D,$B24)*1/2 -> 0 | L24: =COUNTIF('NP-Betrieb'!D:D,$B24)*1/3 -> 0.33333333 | M24: =COUNTIF(Fairteilungen!$D:$D,$B24)*3/4 -> 0 | N24: =COUNTIF(Anlieferung!D:D,$B24)*1/2 -> 0 | O24: =COUNTIF(Probeabholungen!B:B,$B24)*1/3 -> 0
A25: Alina Panzenböck | B25: 486886 | D25: 45845 | E25: 3 | F25: 6 | G25: =F25-H25 -> -0.66666667 | H25: =I25-E25 -> 6.6666667 | I25: =SUM(J25:O25) -> 9.6666667 | J25: =SUMIF(Oeffentlichkeitsarbeit!$D:$D,$B25,Oeffentlichkeitsarbeit!$F:$F) -> 7 | K25: =COUNTIF(Fairteiler!$D:$D,$B25)*1/2 -> 0 | L25: =COUNTIF('NP-Betrieb'!D:D,$B25)*1/3 -> 2.6666667 | M25: =COUNTIF(Fairteilungen!$D:$D,$B25)*3/4 -> 0 | N25: =COUNTIF(Anlieferung!D:D,$B25)*1/2 -> 0 | O25: =COUNTIF(Probeabholungen!B:B,$B25)*1/3 -> 0
A26: Aline Eckert | B26: 828268 | E26: 6.5 | F26: 6 | G26: =F26-H26 -> 1.3333333 | H26: =I26-E26 -> 4.6666667 | I26: =SUM(J26:O26) -> 11.166667 | J26: =SUMIF(Oeffentlichkeitsarbeit!$D:$D,$B26,Oeffentlichkeitsarbeit!$F:$F) -> 0 | K26: =COUNTIF(Fairteiler!$D:$D,$B26)*1/2 -> 4.5 | L26: =COUNTIF('NP-Betrieb'!D:D,$B26)*1/3 -> 6.6666667 | M26: =COUNTIF(Fairteilungen!$D:$D,$B26)*3/4 -> 0 | N26: =COUNTIF(Anlieferung!D:D,$B26)*1/2 -> 0 | O26: =COUNTIF(Probeabholungen!B:B,$B26)*1/3 -> 0
A27: Alisha Kilian | B27: 176543 | E27: 0 | F27: 6 | G27: =F27-H27 -> 6 | H27: =I27-E27 -> 0 | I27: =SUM(J27:O27) -> 0 | J27: =SUMIF(Oeffentlichkeitsarbeit!$D:$D,$B27,Oeffentlichkeitsarbeit!$F:$F) -> 0 | K27: =COUNTIF(Fairteiler!$D:$D,$B27)*1/2 -> 0 | L27: =COUNTIF('NP-Betrieb'!D:D,$B27)*1/3 -> 0 | M27: =COUNTIF(Fairteilungen!$D:$D,$B27)*3/4 -> 0 | N27: =COUNTIF(Anlieferung!D:D,$B27)*1/2 -> 0 | O27: =COUNTIF(Probeabholungen!B:B,$B27)*1/3 -> 0
A28: Almuth Turré | B28: 542923 | E28: 0 | F28: 6 | G28: =F28-H28 -> -5.6666667 | H28: =I28-E28 -> 11.666667 | I28: =SUM(J28:O28) -> 11.666667 | J28: =SUMIF(Oeffentlichkeitsarbeit!$D:$D,$B28,Oeffentlichkeitsarbeit!$F:$F) -> 0 | K28: =COUNTIF(Fairteiler!$D:$D,$B28)*1/2 -> 0 | L28: =COUNTIF('NP-Betrieb'!D:D,$B28)*1/3 -> 11.666667 | M28: =COUNTIF(Fairteilungen!$D:$D,$B28)*3/4 -> 0 | N28: =COUNTIF(Anlieferung!D:D,$B28)*1/2 -> 0 | O28: =COUNTIF(Probeabholungen!B:B,$B28)*1/3 -> 0
A29: Amalia Iazzetta | B29: 671569 | C29: BV (alte Regelung, unbefristet 100%) | E29: 0 | F29: 0 | G29: =F29-H29 -> -0.33333333 | H29: =I29-E29 -> 0.33333333 | I29: =SUM(J29:O29) -> 0.33333333 | J29: =SUMIF(Oeffentlichkeitsarbeit!$D:$D,$B29,Oeffentlichkeitsarbeit!$F:$F) -> 0 | K29: =COUNTIF(Fairteiler!$D:$D,$B29)*1/2 -> 0 | L29: =COUNTIF('NP-Betrieb'!D:D,$B29)*1/3 -> 0.33333333 | M29: =COUNTIF(Fairteilungen!$D:$D,$B29)*3/4 -> 0 | N29: =COUNTIF(Anlieferung!D:D,$B29)*1/2 -> 0 | O29: =COUNTIF(Probeabholungen!B:B,$B29)*1/3 -> 0
A30: Amanda Sims | B30: 617808 | E30: 3 | F30: 6 | G30: =F30-H30 -> 3 | H30: =I30-E30 -> 3 | I30: =SUM(J30:O30) -> 6 | J30: =SUMIF(Oeffentlichkeitsarbeit!$D:$D,$B30,Oeffentlichkeitsarbeit!$F:$F) -> 0 | K30: =COUNTIF(Fairteiler!$D:$D,$B30)*1/2 -> 0 | L30: =COUNTIF('NP-Betrieb'!D:D,$B30)*1/3 -> 6 | M30: =COUNTIF(Fairteilungen!$D:$D,$B30)*3/4 -> 0 | N30: =COUNTIF(Anlieferung!D:D,$B30)*1/2 -> 0 | O30: =COUNTIF(Probeabholungen!B:B,$B30)*1/3 -> 0
A31: Amir Hanna | B31: 348165 | D31: 45563 | E31: 1.5 | F31: 6 | G31: =F31-H31 -> 5.5 | H31: =I31-E31 -> 0.5 | I31: =SUM(J31:O31) -> 2 | J31: =SUMIF(Oeffentlichkeitsarbeit!$D:$D,$B31,Oeffentlichkeitsarbeit!$F:$F) -> 0 | K31: =COUNTIF(Fairteiler!$D:$D,$B31)*1/2 -> 0 | L31: =COUNTIF('NP-Betrieb'!D:D,$B31)*1/3 -> 2 | M31: =COUNTIF(Fairteilungen!$D:$D,$B31)*3/4 -> 0 | N31: =COUNTIF(Anlieferung!D:D,$B31)*1/2 -> 0 | O31: =COUNTIF(Probeabholungen!B:B,$B31)*1/3 -> 0
A32: Amir Negahbani | B32: 438689 | D32: 45961 | E32: 0 | F32: 6 | G32: =F32-H32 -> 3.6666667 | H32: =I32-E32 -> 2.3333333 | I32: =SUM(J32:O32) -> 2.3333333 | J32: =SUMIF(Oeffentlichkeitsarbeit!$D:$D,$B32,Oeffentlichkeitsarbeit!$F:$F) -> 0 | K32: =COUNTIF(Fairteiler!$D:$D,$B32)*1/2 -> 0 | L32: =COUNTIF('NP-Betrieb'!D:D,$B32)*1/3 -> 2.3333333 | M32: =COUNTIF(Fairteilungen!$D:$D,$B32)*3/4 -> 0 | N32: =COUNTIF(Anlieferung!D:D,$B32)*1/2 -> 0 | O32: =COUNTIF(Probeabholungen!B:B,$B32)*1/3 -> 0
A33: Ana Arroja Romann | B33: 579938 | E33: 7.67 | F33: 6 | G33: =F33-H33 -> 13.67 | H33: =I33-E33 -> -7.67 | I33: =SUM(J33:O33) -> 0 | J33: =SUMIF(Oeffentlichkeitsarbeit!$D:$D,$B33,Oeffentlichkeitsarbeit!$F:$F) -> 0 | K33: =COUNTIF(Fairteiler!$D:$D,$B33)*1/2 -> 0 | L33: =COUNTIF('NP-Betrieb'!D:D,$B33)*1/3 -> 0 | M33: =COUNTIF(Fairteilungen!$D:$D,$B33)*3/4 -> 0 | N33: =COUNTIF(Anlieferung!D:D,$B33)*1/2 -> 0 | O33: =COUNTIF(Probeabholungen!B:B,$B33)*1/3 -> 0
A34: Andrea Heymann | B34: 479121 | E34: 0 | F34: 6 | G34: =F34-H34 -> -1.1666667 | H34: =I34-E34 -> 7.1666667 | I34: =SUM(J34:O34) -> 7.1666667 | J34: =SUMIF(Oeffentlichkeitsarbeit!$D:$D,$B34,Oeffentlichkeitsarbeit!$F:$F) -> 1.5 | K34: =COUNTIF(Fairteiler!$D:$D,$B34)*1/2 -> 0 | L34: =COUNTIF('NP-Betrieb'!D:D,$B34)*1/3 -> 4.6666667 | M34: =COUNTIF(Fairteilungen!$D:$D,$B34)*3/4 -> 0 | N34: =COUNTIF(Anlieferung!D:D,$B34)*1/2 -> 0 | O34: =COUNTIF(Probeabholungen!B:B,$B34)*1/3 -> 1
A35: Andrea Mohr | B35: 299942 | C35: BV (alte Regelung, unbefristet 100%) | E35: 0 | F35: 0 | G35: =F35-H35 -> -1 | H35: =I35-E35 -> 1 | I35: =SUM(J35:O35) -> 1 | J35: =SUMIF(Oeffentlichkeitsarbeit!$D:$D,$B35,Oeffentlichkeitsarbeit!$F:$F) -> 0 | K35: =COUNTIF(Fairteiler!$D:$D,$B35)*1/2 -> 0 | L35: =COUNTIF('NP-Betrieb'!D:D,$B35)*1/3 -> 1 | M35: =COUNTIF(Fairteilungen!$D:$D,$B35)*3/4 -> 0 | N35: =COUNTIF(Anlieferung!D:D,$B35)*1/2 -> 0 | O35: =COUNTIF(Probeabholungen!B:B,$B35)*1/3 -> 0
A36: Andrea Morbe | B36: 477377 | E36: 0 | F36: 6 | G36: =F36-H36 -> 3.3333333 | H36: =I36-E36 -> 2.6666667 | I36: =SUM(J36:O36) -> 2.6666667 | J36: =SUMIF(Oeffentlichkeitsarbeit!$D:$D,$B36,Oeffentlichkeitsarbeit!$F:$F) -> 0 | K36: =COUNTIF(Fairteiler!$D:$D,$B36)*1/2 -> 0 | L36: =COUNTIF('NP-Betrieb'!D:D,$B36)*1/3 -> 2.6666667 | M36: =COUNTIF(Fairteilungen!$D:$D,$B36)*3/4 -> 0 | N36: =COUNTIF(Anlieferung!D:D,$B36)*1/2 -> 0 | O36: =COUNTIF(Probeabholungen!B:B,$B36)*1/3 -> 0
A37: Andrea Straaten | B37: 576311 | E37: 6 | F37: 6 | G37: =F37-H37 -> 12 | H37: =I37-E37 -> -6 | I37: =SUM(J37:O37) -> 0 | J37: =SUMIF(Oeffentlichkeitsarbeit!$D:$D,$B37,Oeffentlichkeitsarbeit!$F:$F) -> 0 | K37: =COUNTIF(Fairteiler!$D:$D,$B37)*1/2 -> 0 | L37: =COUNTIF('NP-Betrieb'!D:D,$B37)*1/3 -> 0 | M37: =COUNTIF(Fairteilungen!$D:$D,$B37)*3/4 -> 0 | N37: =COUNTIF(Anlieferung!D:D,$B37)*1/2 -> 0 | O37: =COUNTIF(Probeabholungen!B:B,$B37)*1/3 -> 0
A38: Angela Bilger | B38: 224426 | E38: 16 | F38: 6 | G38: =F38-H38 -> 22 | H38: =I38-E38 -> -16 | I38: =SUM(J38:O38) -> 0 | J38: =SUMIF(Oeffentlichkeitsarbeit!$D:$D,$B38,Oeffentlichkeitsarbeit!$F:$F) -> 0 | K38: =COUNTIF(Fairteiler!$D:$D,$B38)*1/2 -> 0 | L38: =COUNTIF('NP-Betrieb'!D:D,$B38)*1/3 -> 0 | M38: =COUNTIF(Fairteilungen!$D:$D,$B38)*3/4 -> 0 | N38: =COUNTIF(Anlieferung!D:D,$B38)*1/2 -> 0 | O38: =COUNTIF(Probeabholungen!B:B,$B38)*1/3 -> 0
A39: Angelique Schubert | B39: 743536 | E39: 1.3333333 | F39: 6 | G39: =F39-H39 -> 7.3333333 | H39: =I39-E39 -> -1.3333333 | I39: =SUM(J39:O39) -> 0 | J39: =SUMIF(Oeffentlichkeitsarbeit!$D:$D,$B39,Oeffentlichkeitsarbeit!$F:$F) -> 0 | K39: =COUNTIF(Fairteiler!$D:$D,$B39)*1/2 -> 0 | L39: =COUNTIF('NP-Betrieb'!D:D,$B39)*1/3 -> 0 | M39: =COUNTIF(Fairteilungen!$D:$D,$B39)*3/4 -> 0 | N39: =COUNTIF(Anlieferung!D:D,$B39)*1/2 -> 0 | O39: =COUNTIF(Probeabholungen!B:B,$B39)*1/3 -> 0
A40: Angelo Fiore | B40: 466403 | E40: 15.67 | F40: 6 | G40: =F40-H40 -> 21.67 | H40: =I40-E40 -> -15.67 | I40: =SUM(J40:O40) -> 0 | J40: =SUMIF(Oeffentlichkeitsarbeit!$D:$D,$B40,Oeffentlichkeitsarbeit!$F:$F) -> 0 | K40: =COUNTIF(Fairteiler!$D:$D,$B40)*1/2 -> 0 | L40: =COUNTIF('NP-Betrieb'!D:D,$B40)*1/3 -> 0 | M40: =COUNTIF(Fairteilungen!$D:$D,$B40)*3/4 -> 0 | N40: =COUNTIF(Anlieferung!D:D,$B40)*1/2 -> 0 | O40: =COUNTIF(Probeabholungen!B:B,$B40)*1/3 -> 0
A41: Ania Kruse | B41: 645363 | E41: 0 | F41: 6 | G41: =F41-H41 -> 5.5 | H41: =I41-E41 -> 0.5 | I41: =SUM(J41:O41) -> 0.5 | J41: =SUMIF(Oeffentlichkeitsarbeit!$D:$D,$B41,Oeffentlichkeitsarbeit!$F:$F) -> 0 | K41: =COUNTIF(Fairteiler!$D:$D,$B41)*1/2 -> 0.5 | L41: =COUNTIF('NP-Betrieb'!D:D,$B41)*1/3 -> 0 | M41: =COUNTIF(Fairteilungen!$D:$D,$B41)*3/4 -> 0 | N41: =COUNTIF(Anlieferung!D:D,$B41)*1/2 -> 0 | O41: =COUNTIF(Probeabholungen!B:B,$B41)*1/3 -> 0
A42: Anika Henniger | B42: 70410 | E42: 0 | F42: 6 | G42: =F42-H42 -> 6 | H42: =I42-E42 -> 0 | I42: =SUM(J42:O42) -> 0 | J42: =SUMIF(Oeffentlichkeitsarbeit!$D:$D,$B42,Oeffentlichkeitsarbeit!$F:$F) -> 0 | K42: =COUNTIF(Fairteiler!$D:$D,$B42)*1/2 -> 0 | L42: =COUNTIF('NP-Betrieb'!D:D,$B42)*1/3 -> 0 | M42: =COUNTIF(Fairteilungen!$D:$D,$B42)*3/4 -> 0 | N42: =COUNTIF(Anlieferung!D:D,$B42)*1/2 -> 0 | O42: =COUNTIF(Probeabholungen!B:B,$B42)*1/3 -> 0
A43: Anita Lemaile | B43: 597434 | C43: Alter | E43: 0 | F43: 0 | G43: =F43-H43 -> -13.833333 | H43: =I43-E43 -> 13.833333 | I43: =SUM(J43:O43) -> 13.833333 | J43: =SUMIF(Oeffentlichkeitsarbeit!$D:$D,$B43,Oeffentlichkeitsarbeit!$F:$F) -> 0 | K43: =COUNTIF(Fairteiler!$D:$D,$B43)*1/2 -> 0 | L43: =COUNTIF('NP-Betrieb'!D:D,$B43)*1/3 -> 6.3333333 | M43: =COUNTIF(Fairteilungen!$D:$D,$B43)*3/4 -> 0 | N43: =COUNTIF(Anlieferung!D:D,$B43)*1/2 -> 7.5 | O43: =COUNTIF(Probeabholungen!B:B,$B43)*1/3 -> 0
A44: Anita Nicole Debus-Kilian | B44: 765474 | D44: 45129 | E44: 0 | F44: 6 | G44: =F44-H44 -> 0.66666667 | H44: =I44-E44 -> 5.3333333 | I44: =SUM(J44:O44) -> 5.3333333 | J44: =SUMIF(Oeffentlichkeitsarbeit!$D:$D,$B44,Oeffentlichkeitsarbeit!$F:$F) -> 0 | K44: =COUNTIF(Fairteiler!$D:$D,$B44)*1/2 -> 0 | L44: =COUNTIF('NP-Betrieb'!D:D,$B44)*1/3 -> 5.3333333 | M44: =COUNTIF(Fairteilungen!$D:$D,$B44)*3/4 -> 0 | N44: =COUNTIF(Anlieferung!D:D,$B44)*1/2 -> 0 | O44: =COUNTIF(Probeabholungen!B:B,$B44)*1/3 -> 0
A45: Anja Godlinski | B45: 401614 | E45: 0 | F45: 6 | G45: =F45-H45 -> 3.6666667 | H45: =I45-E45 -> 2.3333333 | I45: =SUM(J45:O45) -> 2.3333333 | J45: =SUMIF(Oeffentlichkeitsarbeit!$D:$D,$B45,Oeffentlichkeitsarbeit!$F:$F) -> 0 | K45: =COUNTIF(Fairteiler!$D:$D,$B45)*1/2 -> 0 | L45: =COUNTIF('NP-Betrieb'!D:D,$B45)*1/3 -> 2.3333333 | M45: =COUNTIF(Fairteilungen!$D:$D,$B45)*3/4 -> 0 | N45: =COUNTIF(Anlieferung!D:D,$B45)*1/2 -> 0 | O45: =COUNTIF(Probeabholungen!B:B,$B45)*1/3 -> 0
A46: Anja Kaminski | B46: 675489 | D46: 45404 | E46: 10 | F46: 6 | G46: =F46-H46 -> 16 | H46: =I46-E46 -> -10 | I46: =SUM(J46:O46) -> 0 | J46: =SUMIF(Oeffentlichkeitsarbeit!$D:$D,$B46,Oeffentlichkeitsarbeit!$F:$F) -> 0 | K46: =COUNTIF(Fairteiler!$D:$D,$B46)*1/2 -> 0 | L46: =COUNTIF('NP-Betrieb'!D:D,$B46)*1/3 -> 0 | M46: =COUNTIF(Fairteilungen!$D:$D,$B46)*3/4 -> 0 | N46: =COUNTIF(Anlieferung!D:D,$B46)*1/2 -> 0 | O46: =COUNTIF(Probeabholungen!B:B,$B46)*1/3 -> 0
A47: Anja Kotalla | B47: 936159 | D47: 46028 | E47: 0 | F47: 6 | G47: =F47-H47 -> 3.8333333 | H47: =I47-E47 -> 2.1666667 | I47: =SUM(J47:O47) -> 2.1666667 | J47: =SUMIF(Oeffentlichkeitsarbeit!$D:$D,$B47,Oeffentlichkeitsarbeit!$F:$F) -> 0 | K47: =COUNTIF(Fairteiler!$D:$D,$B47)*1/2 -> 0 | L47: =COUNTIF('NP-Betrieb'!D:D,$B47)*1/3 -> 1.6666667 | M47: =COUNTIF(Fairteilungen!$D:$D,$B47)*3/4 -> 0 | N47: =COUNTIF(Anlieferung!D:D,$B47)*1/2 -> 0.5 | O47: =COUNTIF(Probeabholungen!B:B,$B47)*1/3 -> 0
A48: Anja Lobbenmeier | B48: 629424 | C48: Vereinsstunden | E48: 0 | F48: 0 | G48: =F48-H48 -> -4 | H48: =I48-E48 -> 4 | I48: =SUM(J48:O48) -> 4 | J48: =SUMIF(Oeffentlichkeitsarbeit!$D:$D,$B48,Oeffentlichkeitsarbeit!$F:$F) -> 0 | K48: =COUNTIF(Fairteiler!$D:$D,$B48)*1/2 -> 0 | L48: =COUNTIF('NP-Betrieb'!D:D,$B48)*1/3 -> 3 | M48: =COUNTIF(Fairteilungen!$D:$D,$B48)*3/4 -> 0 | N48: =COUNTIF(Anlieferung!D:D,$B48)*1/2 -> 0 | O48: =COUNTIF(Probeabholungen!B:B,$B48)*1/3 -> 1
A49: Anja Schreiber | B49: 886712 | D49: 45680 | E49: 0 | F49: 6 | G49: =F49-H49 -> 6 | H49: =I49-E49 -> 0 | I49: =SUM(J49:O49) -> 0 | J49: =SUMIF(Oeffentlichkeitsarbeit!$D:$D,$B49,Oeffentlichkeitsarbeit!$F:$F) -> 0 | K49: =COUNTIF(Fairteiler!$D:$D,$B49)*1/2 -> 0 | L49: =COUNTIF('NP-Betrieb'!D:D,$B49)*1/3 -> 0 | M49: =COUNTIF(Fairteilungen!$D:$D,$B49)*3/4 -> 0 | N49: =COUNTIF(Anlieferung!D:D,$B49)*1/2 -> 0 | O49: =COUNTIF(Probeabholungen!B:B,$B49)*1/3 -> 0
A50: Anja Schulte | B50: 638862 | D50: 45563 | E50: 7.5 | F50: 6 | G50: =F50-H50 -> 13.5 | H50: =I50-E50 -> -7.5 | I50: =SUM(J50:O50) -> 0 | J50: =SUMIF(Oeffentlichkeitsarbeit!$D:$D,$B50,Oeffentlichkeitsarbeit!$F:$F) -> 0 | K50: =COUNTIF(Fairteiler!$D:$D,$B50)*1/2 -> 0 | L50: =COUNTIF('NP-Betrieb'!D:D,$B50)*1/3 -> 0 | M50: =COUNTIF(Fairteilungen!$D:$D,$B50)*3/4 -> 0 | N50: =COUNTIF(Anlieferung!D:D,$B50)*1/2 -> 0 | O50: =COUNTIF(Probeabholungen!B:B,$B50)*1/3 -> 0
A51: Anja Wolf | B51: 773719 | D51: 45799 | E51: 3.5 | F51: 6 | G51: =F51-H51 -> 9.5 | H51: =I51-E51 -> -3.5 | I51: =SUM(J51:O51) -> 0 | J51: =SUMIF(Oeffentlichkeitsarbeit!$D:$D,$B51,Oeffentlichkeitsarbeit!$F:$F) -> 0 | K51: =COUNTIF(Fairteiler!$D:$D,$B51)*1/2 -> 0 | L51: =COUNTIF('NP-Betrieb'!D:D,$B51)*1/3 -> 0 | M51: =COUNTIF(Fairteilungen!$D:$D,$B51)*3/4 -> 0 | N51: =COUNTIF(Anlieferung!D:D,$B51)*1/2 -> 0 | O51: =COUNTIF(Probeabholungen!B:B,$B51)*1/3 -> 0
A52: Anke Ptak | B52: 22091 | C52: BV (alte Regelung, unbefristet 100%) | E52: 0 | F52: 0 | G52: =F52-H52 -> -5 | H52: =I52-E52 -> 5 | I52: =SUM(J52:O52) -> 5 | J52: =SUMIF(Oeffentlichkeitsarbeit!$D:$D,$B52,Oeffentlichkeitsarbeit!$F:$F) -> 0 | K52: =COUNTIF(Fairteiler!$D:$D,$B52)*1/2 -> 0 | L52: =COUNTIF('NP-Betrieb'!D:D,$B52)*1/3 -> 5 | M52: =COUNTIF(Fairteilungen!$D:$D,$B52)*3/4 -> 0 | N52: =COUNTIF(Anlieferung!D:D,$B52)*1/2 -> 0 | O52: =COUNTIF(Probeabholungen!B:B,$B52)*1/3 -> 0
A53: Anna Babot | B53: 96959 | D53: 45826 | E53: 0 | F53: 6 | G53: =F53-H53 -> -4 | H53: =I53-E53 -> 10 | I53: =SUM(J53:O53) -> 10 | J53: =SUMIF(Oeffentlichkeitsarbeit!$D:$D,$B53,Oeffentlichkeitsarbeit!$F:$F) -> 4 | K53: =COUNTIF(Fairteiler!$D:$D,$B53)*1/2 -> 1 | L53: =COUNTIF('NP-Betrieb'!D:D,$B53)*1/3 -> 5 | M53: =COUNTIF(Fairteilungen!$D:$D,$B53)*3/4 -> 0 | N53: =COUNTIF(Anlieferung!D:D,$B53)*1/2 -> 0 | O53: =COUNTIF(Probeabholungen!B:B,$B53)*1/3 -> 0
A54: Anna Baum | B54: 457847 | E54: 5 | F54: 6 | G54: =F54-H54 -> 11 | H54: =I54-E54 -> -5 | I54: =SUM(J54:O54) -> 0 | J54: =SUMIF(Oeffentlichkeitsarbeit!$D:$D,$B54,Oeffentlichkeitsarbeit!$F:$F) -> 0 | K54: =COUNTIF(Fairteiler!$D:$D,$B54)*1/2 -> 0 | L54: =COUNTIF('NP-Betrieb'!D:D,$B54)*1/3 -> 0 | M54: =COUNTIF(Fairteilungen!$D:$D,$B54)*3/4 -> 0 | N54: =COUNTIF(Anlieferung!D:D,$B54)*1/2 -> 0 | O54: =COUNTIF(Probeabholungen!B:B,$B54)*1/3 -> 0
A55: Anna Dück | B55: 970202 | C55: GdB 2026/2027 | D55: 46043 | E55: 0 | F55: 0 | G55: =F55-H55 -> -10.666667 | H55: =I55-E55 -> 10.666667 | I55: =SUM(J55:O55) -> 10.666667 | J55: =SUMIF(Oeffentlichkeitsarbeit!$D:$D,$B55,Oeffentlichkeitsarbeit!$F:$F) -> 0 | K55: =COUNTIF(Fairteiler!$D:$D,$B55)*1/2 -> 0 | L55: =COUNTIF('NP-Betrieb'!D:D,$B55)*1/3 -> 10.666667 | M55: =COUNTIF(Fairteilungen!$D:$D,$B55)*3/4 -> 0 | N55: =COUNTIF(Anlieferung!D:D,$B55)*1/2 -> 0 | O55: =COUNTIF(Probeabholungen!B:B,$B55)*1/3 -> 0
A56: Anna Falkenhain | B56: 641151 | E56: 4.84 | F56: 6 | G56: =F56-H56 -> 9.5066667 | H56: =I56-E56 -> -3.5066667 | I56: =SUM(J56:O56) -> 1.3333333 | J56: =SUMIF(Oeffentlichkeitsarbeit!$D:$D,$B56,Oeffentlichkeitsarbeit!$F:$F) -> 0 | K56: =COUNTIF(Fairteiler!$D:$D,$B56)*1/2 -> 0 | L56: =COUNTIF('NP-Betrieb'!D:D,$B56)*1/3 -> 1.3333333 | M56: =COUNTIF(Fairteilungen!$D:$D,$B56)*3/4 -> 0 | N56: =COUNTIF(Anlieferung!D:D,$B56)*1/2 -> 0 | O56: =COUNTIF(Probeabholungen!B:B,$B56)*1/3 -> 0
A57: Anna Hoffmann | B57: 719951 | D57: 45142 | E57: 8.8333333 | F57: 6 | G57: =F57-H57 -> 14.833333 | H57: =I57-E57 -> -8.8333333 | I57: =SUM(J57:O57) -> 0 | J57: =SUMIF(Oeffentlichkeitsarbeit!$D:$D,$B57,Oeffentlichkeitsarbeit!$F:$F) -> 0 | K57: =COUNTIF(Fairteiler!$D:$D,$B57)*1/2 -> 0 | L57: =COUNTIF('NP-Betrieb'!D:D,$B57)*1/3 -> 0 | M57: =COUNTIF(Fairteilungen!$D:$D,$B57)*3/4 -> 0 | N57: =COUNTIF(Anlieferung!D:D,$B57)*1/2 -> 0 | O57: =COUNTIF(Probeabholungen!B:B,$B57)*1/3 -> 0
A58: Anna Kalbhenn | B58: 150976 | E58: 13.34 | F58: 6 | G58: =F58-H58 -> 19.34 | H58: =I58-E58 -> -13.34 | I58: =SUM(J58:O58) -> 0 | J58: =SUMIF(Oeffentlichkeitsarbeit!$D:$D,$B58,Oeffentlichkeitsarbeit!$F:$F) -> 0 | K58: =COUNTIF(Fairteiler!$D:$D,$B58)*1/2 -> 0 | L58: =COUNTIF('NP-Betrieb'!D:D,$B58)*1/3 -> 0 | M58: =COUNTIF(Fairteilungen!$D:$D,$B58)*3/4 -> 0 | N58: =COUNTIF(Anlieferung!D:D,$B58)*1/2 -> 0 | O58: =COUNTIF(Probeabholungen!B:B,$B58)*1/3 -> 0
A59: Anna Madera | B59: 488314 | E59: 10 | F59: 6 | G59: =F59-H59 -> 16 | H59: =I59-E59 -> -10 | I59: =SUM(J59:O59) -> 0 | J59: =SUMIF(Oeffentlichkeitsarbeit!$D:$D,$B59,Oeffentlichkeitsarbeit!$F:$F) -> 0 | K59: =COUNTIF(Fairteiler!$D:$D,$B59)*1/2 -> 0 | L59: =COUNTIF('NP-Betrieb'!D:D,$B59)*1/3 -> 0 | M59: =COUNTIF(Fairteilungen!$D:$D,$B59)*3/4 -> 0 | N59: =COUNTIF(Anlieferung!D:D,$B59)*1/2 -> 0 | O59: =COUNTIF(Probeabholungen!B:B,$B59)*1/3 -> 0
A60: Anna Majkowski | B60: 532285 | E60: 0 | F60: 6 | G60: =F60-H60 -> 5 | H60: =I60-E60 -> 1 | I60: =SUM(J60:O60) -> 1 | J60: =SUMIF(Oeffentlichkeitsarbeit!$D:$D,$B60,Oeffentlichkeitsarbeit!$F:$F) -> 0 | K60: =COUNTIF(Fairteiler!$D:$D,$B60)*1/2 -> 0 | L60: =COUNTIF('NP-Betrieb'!D:D,$B60)*1/3 -> 1 | M60: =COUNTIF(Fairteilungen!$D:$D,$B60)*3/4 -> 0 | N60: =COUNTIF(Anlieferung!D:D,$B60)*1/2 -> 0 | O60: =COUNTIF(Probeabholungen!B:B,$B60)*1/3 -> 0
A61: Anna Maria Voigt | B61: 168488 | E61: 13.5 | F61: 6 | G61: =F61-H61 -> 17.833333 | H61: =I61-E61 -> -11.833333 | I61: =SUM(J61:O61) -> 1.6666667 | J61: =SUMIF(Oeffentlichkeitsarbeit!$D:$D,$B61,Oeffentlichkeitsarbeit!$F:$F) -> 0 | K61: =COUNTIF(Fairteiler!$D:$D,$B61)*1/2 -> 0 | L61: =COUNTIF('NP-Betrieb'!D:D,$B61)*1/3 -> 1.6666667 | M61: =COUNTIF(Fairteilungen!$D:$D,$B61)*3/4 -> 0 | N61: =COUNTIF(Anlieferung!D:D,$B61)*1/2 -> 0 | O61: =COUNTIF(Probeabholungen!B:B,$B61)*1/3 -> 0
A62: Anna Römmelt | B62: 7993 | E62: 0 | F62: 6 | G62: =F62-H62 -> 6 | H62: =I62-E62 -> 0 | I62: =SUM(J62:O62) -> 0 | J62: =SUMIF(Oeffentlichkeitsarbeit!$D:$D,$B62,Oeffentlichkeitsarbeit!$F:$F) -> 0 | K62: =COUNTIF(Fairteiler!$D:$D,$B62)*1/2 -> 0 | L62: =COUNTIF('NP-Betrieb'!D:D,$B62)*1/3 -> 0 | M62: =COUNTIF(Fairteilungen!$D:$D,$B62)*3/4 -> 0 | N62: =COUNTIF(Anlieferung!D:D,$B62)*1/2 -> 0 | O62: =COUNTIF(Probeabholungen!B:B,$B62)*1/3 -> 0
A63: Anna Schepper | B63: 495334 | E63: 12 | F63: 6 | G63: =F63-H63 -> 18 | H63: =I63-E63 -> -12 | I63: =SUM(J63:O63) -> 0 | J63: =SUMIF(Oeffentlichkeitsarbeit!$D:$D,$B63,Oeffentlichkeitsarbeit!$F:$F) -> 0 | K63: =COUNTIF(Fairteiler!$D:$D,$B63)*1/2 -> 0 | L63: =COUNTIF('NP-Betrieb'!D:D,$B63)*1/3 -> 0 | M63: =COUNTIF(Fairteilungen!$D:$D,$B63)*3/4 -> 0 | N63: =COUNTIF(Anlieferung!D:D,$B63)*1/2 -> 0 | O63: =COUNTIF(Probeabholungen!B:B,$B63)*1/3 -> 0
A64: Anna Volz | B64: 698194 | E64: 5.3333333 | F64: 6 | G64: =F64-H64 -> 11.333333 | H64: =I64-E64 -> -5.3333333 | I64: =SUM(J64:O64) -> 0 | J64: =SUMIF(Oeffentlichkeitsarbeit!$D:$D,$B64,Oeffentlichkeitsarbeit!$F:$F) -> 0 | K64: =COUNTIF(Fairteiler!$D:$D,$B64)*1/2 -> 0 | L64: =COUNTIF('NP-Betrieb'!D:D,$B64)*1/3 -> 0 | M64: =COUNTIF(Fairteilungen!$D:$D,$B64)*3/4 -> 0 | N64: =COUNTIF(Anlieferung!D:D,$B64)*1/2 -> 0 | O64: =COUNTIF(Probeabholungen!B:B,$B64)*1/3 -> 0
A65: Annabell Jost | B65: 855449 | D65: 45799 | E65: 0 | F65: 6 | G65: =F65-H65 -> 5.3333333 | H65: =I65-E65 -> 0.66666667 | I65: =SUM(J65:O65) -> 0.66666667 | J65: =SUMIF(Oeffentlichkeitsarbeit!$D:$D,$B65,Oeffentlichkeitsarbeit!$F:$F) -> 0 | K65: =COUNTIF(Fairteiler!$D:$D,$B65)*1/2 -> 0 | L65: =COUNTIF('NP-Betrieb'!D:D,$B65)*1/3 -> 0.66666667 | M65: =COUNTIF(Fairteilungen!$D:$D,$B65)*3/4 -> 0 | N65: =COUNTIF(Anlieferung!D:D,$B65)*1/2 -> 0 | O65: =COUNTIF(Probeabholungen!B:B,$B65)*1/3 -> 0
A66: Anna-Catherina Ackermann | B66: 442578 | E66: 0 | F66: 6 | G66: =F66-H66 -> 2.3333333 | H66: =I66-E66 -> 3.6666667 | I66: =SUM(J66:O66) -> 3.6666667 | J66: =SUMIF(Oeffentlichkeitsarbeit!$D:$D,$B66,Oeffentlichkeitsarbeit!$F:$F) -> 0 | K66: =COUNTIF(Fairteiler!$D:$D,$B66)*1/2 -> 0 | L66: =COUNTIF('NP-Betrieb'!D:D,$B66)*1/3 -> 3.6666667 | M66: =COUNTIF(Fairteilungen!$D:$D,$B66)*3/4 -> 0 | N66: =COUNTIF(Anlieferung!D:D,$B66)*1/2 -> 0 | O66: =COUNTIF(Probeabholungen!B:B,$B66)*1/3 -> 0
A67: Anna-Katharina Muth | B67: 192237 | D67: 45917 | E67: 0 | F67: 6 | G67: =F67-H67 -> 4.8333333 | H67: =I67-E67 -> 1.1666667 | I67: =SUM(J67:O67) -> 1.1666667 | J67: =SUMIF(Oeffentlichkeitsarbeit!$D:$D,$B67,Oeffentlichkeitsarbeit!$F:$F) -> 0 | K67: =COUNTIF(Fairteiler!$D:$D,$B67)*1/2 -> 0.5 | L67: =COUNTIF('NP-Betrieb'!D:D,$B67)*1/3 -> 0.66666667 | M67: =COUNTIF(Fairteilungen!$D:$D,$B67)*3/4 -> 0 | N67: =COUNTIF(Anlieferung!D:D,$B67)*1/2 -> 0 | O67: =COUNTIF(Probeabholungen!B:B,$B67)*1/3 -> 0
A68: Anna-Lisa Betschel | B68: 678974 | C68: BV (alte Regelung, unbefristet 100%) | E68: 0 | F68: 0 | G68: =F68-H68 -> -1 | H68: =I68-E68 -> 1 | I68: =SUM(J68:O68) -> 1 | J68: =SUMIF(Oeffentlichkeitsarbeit!$D:$D,$B68,Oeffentlichkeitsarbeit!$F:$F) -> 0 | K68: =COUNTIF(Fairteiler!$D:$D,$B68)*1/2 -> 0 | L68: =COUNTIF('NP-Betrieb'!D:D,$B68)*1/3 -> 1 | M68: =COUNTIF(Fairteilungen!$D:$D,$B68)*3/4 -> 0 | N68: =COUNTIF(Anlieferung!D:D,$B68)*1/2 -> 0 | O68: =COUNTIF(Probeabholungen!B:B,$B68)*1/3 -> 0
A69: Anne Altvater | B69: 453313 | E69: 0 | F69: 6 | G69: =F69-H69 -> 3.3333333 | H69: =I69-E69 -> 2.6666667 | I69: =SUM(J69:O69) -> 2.6666667 | J69: =SUMIF(Oeffentlichkeitsarbeit!$D:$D,$B69,Oeffentlichkeitsarbeit!$F:$F) -> 0 | K69: =COUNTIF(Fairteiler!$D:$D,$B69)*1/2 -> 2 | L69: =COUNTIF('NP-Betrieb'!D:D,$B69)*1/3 -> 0 | M69: =COUNTIF(Fairteilungen!$D:$D,$B69)*3/4 -> 0 | N69: =COUNTIF(Anlieferung!D:D,$B69)*1/2 -> 0 | O69: =COUNTIF(Probeabholungen!B:B,$B69)*1/3 -> 0.66666667
A70: Anne Bartens | B70: 76997 | E70: 0 | F70: 6 | G70: =F70-H70 -> 5 | H70: =I70-E70 -> 1 | I70: =SUM(J70:O70) -> 1 | J70: =SUMIF(Oeffentlichkeitsarbeit!$D:$D,$B70,Oeffentlichkeitsarbeit!$F:$F) -> 0 | K70: =COUNTIF(Fairteiler!$D:$D,$B70)*1/2 -> 0 | L70: =COUNTIF('NP-Betrieb'!D:D,$B70)*1/3 -> 0.66666667 | M70: =COUNTIF(Fairteilungen!$D:$D,$B70)*3/4 -> 0 | N70: =COUNTIF(Anlieferung!D:D,$B70)*1/2 -> 0 | O70: =COUNTIF(Probeabholungen!B:B,$B70)*1/3 -> 0.33333333
A71: Anne Bürcky | B71: 806365 | D71: 45474 | E71: 0 | F71: 6 | G71: =F71-H71 -> 3.1666667 | H71: =I71-E71 -> 2.8333333 | I71: =SUM(J71:O71) -> 2.8333333 | J71: =SUMIF(Oeffentlichkeitsarbeit!$D:$D,$B71,Oeffentlichkeitsarbeit!$F:$F) -> 2.5 | K71: =COUNTIF(Fairteiler!$D:$D,$B71)*1/2 -> 0 | L71: =COUNTIF('NP-Betrieb'!D:D,$B71)*1/3 -> 0.33333333 | M71: =COUNTIF(Fairteilungen!$D:$D,$B71)*3/4 -> 0 | N71: =COUNTIF(Anlieferung!D:D,$B71)*1/2 -> 0 | O71: =COUNTIF(Probeabholungen!B:B,$B71)*1/3 -> 0
A72: Anne Kuhn | B72: 756861 | D72: 45139 | E72: 10.67 | F72: 6 | G72: =F72-H72 -> 16.67 | H72: =I72-E72 -> -10.67 | I72: =SUM(J72:O72) -> 0 | J72: =SUMIF(Oeffentlichkeitsarbeit!$D:$D,$B72,Oeffentlichkeitsarbeit!$F:$F) -> 0 | K72: =COUNTIF(Fairteiler!$D:$D,$B72)*1/2 -> 0 | L72: =COUNTIF('NP-Betrieb'!D:D,$B72)*1/3 -> 0 | M72: =COUNTIF(Fairteilungen!$D:$D,$B72)*3/4 -> 0 | N72: =COUNTIF(Anlieferung!D:D,$B72)*1/2 -> 0 | O72: =COUNTIF(Probeabholungen!B:B,$B72)*1/3 -> 0
A73: Anne Siegl | B73: 552211 | E73: 0 | F73: 6 | G73: =F73-H73 -> 4.6666667 | H73: =I73-E73 -> 1.3333333 | I73: =SUM(J73:O73) -> 1.3333333 | J73: =SUMIF(Oeffentlichkeitsarbeit!$D:$D,$B73,Oeffentlichkeitsarbeit!$F:$F) -> 0 | K73: =COUNTIF(Fairteiler!$D:$D,$B73)*1/2 -> 0 | L73: =COUNTIF('NP-Betrieb'!D:D,$B73)*1/3 -> 1.3333333 | M73: =COUNTIF(Fairteilungen!$D:$D,$B73)*3/4 -> 0 | N73: =COUNTIF(Anlieferung!D:D,$B73)*1/2 -> 0 | O73: =COUNTIF(Probeabholungen!B:B,$B73)*1/3 -> 0
A74: Anne-Kathrin Mück | B74: 427373 | E74: 11 | F74: 6 | G74: =F74-H74 -> 17 | H74: =I74-E74 -> -11 | I74: =SUM(J74:O74) -> 0 | J74: =SUMIF(Oeffentlichkeitsarbeit!$D:$D,$B74,Oeffentlichkeitsarbeit!$F:$F) -> 0 | K74: =COUNTIF(Fairteiler!$D:$D,$B74)*1/2 -> 0 | L74: =COUNTIF('NP-Betrieb'!D:D,$B74)*1/3 -> 0 | M74: =COUNTIF(Fairteilungen!$D:$D,$B74)*3/4 -> 0 | N74: =COUNTIF(Anlieferung!D:D,$B74)*1/2 -> 0 | O74: =COUNTIF(Probeabholungen!B:B,$B74)*1/3 -> 0
A75: Anne-Kathrin Triebel | B75: 665609 | E75: 0 | F75: 6 | G75: =F75-H75 -> -0.5 | H75: =I75-E75 -> 6.5 | I75: =SUM(J75:O75) -> 6.5 | J75: =SUMIF(Oeffentlichkeitsarbeit!$D:$D,$B75,Oeffentlichkeitsarbeit!$F:$F) -> 0 | K75: =COUNTIF(Fairteiler!$D:$D,$B75)*1/2 -> 6.5 | L75: =COUNTIF('NP-Betrieb'!D:D,$B75)*1/3 -> 0 | M75: =COUNTIF(Fairteilungen!$D:$D,$B75)*3/4 -> 0 | N75: =COUNTIF(Anlieferung!D:D,$B75)*1/2 -> 0 | O75: =COUNTIF(Probeabholungen!B:B,$B75)*1/3 -> 0
A76: Annerose Spielmann | B76: 176452 | D76: 45308 | E76: 4.5 | F76: 6 | G76: =F76-H76 -> 10.5 | H76: =I76-E76 -> -4.5 | I76: =SUM(J76:O76) -> 0 | J76: =SUMIF(Oeffentlichkeitsarbeit!$D:$D,$B76,Oeffentlichkeitsarbeit!$F:$F) -> 0 | K76: =COUNTIF(Fairteiler!$D:$D,$B76)*1/2 -> 0 | L76: =COUNTIF('NP-Betrieb'!D:D,$B76)*1/3 -> 0 | M76: =COUNTIF(Fairteilungen!$D:$D,$B76)*3/4 -> 0 | N76: =COUNTIF(Anlieferung!D:D,$B76)*1/2 -> 0 | O76: =COUNTIF(Probeabholungen!B:B,$B76)*1/3 -> 0
A77: Annette Claus | B77: 847682 | D77: 45530 | E77: 0 | F77: 6 | G77: =F77-H77 -> 4.6666667 | H77: =I77-E77 -> 1.3333333 | I77: =SUM(J77:O77) -> 1.3333333 | J77: =SUMIF(Oeffentlichkeitsarbeit!$D:$D,$B77,Oeffentlichkeitsarbeit!$F:$F) -> 0 | K77: =COUNTIF(Fairteiler!$D:$D,$B77)*1/2 -> 0 | L77: =COUNTIF('NP-Betrieb'!D:D,$B77)*1/3 -> 1.3333333 | M77: =COUNTIF(Fairteilungen!$D:$D,$B77)*3/4 -> 0 | N77: =COUNTIF(Anlieferung!D:D,$B77)*1/2 -> 0 | O77: =COUNTIF(Probeabholungen!B:B,$B77)*1/3 -> 0
A78: Annette Knauber | B78: 429426 | E78: 0 | F78: 6 | G78: =F78-H78 -> 6 | H78: =I78-E78 -> 0 | I78: =SUM(J78:O78) -> 0 | J78: =SUMIF(Oeffentlichkeitsarbeit!$D:$D,$B78,Oeffentlichkeitsarbeit!$F:$F) -> 0 | K78: =COUNTIF(Fairteiler!$D:$D,$B78)*1/2 -> 0 | L78: =COUNTIF('NP-Betrieb'!D:D,$B78)*1/3 -> 0 | M78: =COUNTIF(Fairteilungen!$D:$D,$B78)*3/4 -> 0 | N78: =COUNTIF(Anlieferung!D:D,$B78)*1/2 -> 0 | O78: =COUNTIF(Probeabholungen!B:B,$B78)*1/3 -> 0
A79: Annette Prohl | B79: 831512 | C79: um 3,5h wegen Alter??? | D79: 45495 | E79: 0 | F79: 2.5 | G79: =F79-H79 -> -4.6666667 | H79: =I79-E79 -> 7.1666667 | I79: =SUM(J79:O79) -> 7.1666667 | J79: =SUMIF(Oeffentlichkeitsarbeit!$D:$D,$B79,Oeffentlichkeitsarbeit!$F:$F) -> 3 | K79: =COUNTIF(Fairteiler!$D:$D,$B79)*1/2 -> 0 | L79: =COUNTIF('NP-Betrieb'!D:D,$B79)*1/3 -> 3 | M79: =COUNTIF(Fairteilungen!$D:$D,$B79)*3/4 -> 0 | N79: =COUNTIF(Anlieferung!D:D,$B79)*1/2 -> 0.5 | O79: =COUNTIF(Probeabholungen!B:B,$B79)*1/3 -> 0.66666667
A80: Annika Frohböse | B80: 665898 | E80: 0 | F80: 6 | G80: =F80-H80 -> 5.5 | H80: =I80-E80 -> 0.5 | I80: =SUM(J80:O80) -> 0.5 | J80: =SUMIF(Oeffentlichkeitsarbeit!$D:$D,$B80,Oeffentlichkeitsarbeit!$F:$F) -> 0 | K80: =COUNTIF(Fairteiler!$D:$D,$B80)*1/2 -> 0.5 | L80: =COUNTIF('NP-Betrieb'!D:D,$B80)*1/3 -> 0 | M80: =COUNTIF(Fairteilungen!$D:$D,$B80)*3/4 -> 0 | N80: =COUNTIF(Anlieferung!D:D,$B80)*1/2 -> 0 | O80: =COUNTIF(Probeabholungen!B:B,$B80)*1/3 -> 0
A81: Annika Hitzel | B81: 111631 | C81: BV (alte Regelung, unbefristet 100%) | E81: 0 | F81: 0 | G81: =F81-H81 -> -0.66666667 | H81: =I81-E81 -> 0.66666667 | I81: =SUM(J81:O81) -> 0.66666667 | J81: =SUMIF(Oeffentlichkeitsarbeit!$D:$D,$B81,Oeffentlichkeitsarbeit!$F:$F) -> 0 | K81: =COUNTIF(Fairteiler!$D:$D,$B81)*1/2 -> 0 | L81: =COUNTIF('NP-Betrieb'!D:D,$B81)*1/3 -> 0.66666667 | M81: =COUNTIF(Fairteilungen!$D:$D,$B81)*3/4 -> 0 | N81: =COUNTIF(Anlieferung!D:D,$B81)*1/2 -> 0 | O81: =COUNTIF(Probeabholungen!B:B,$B81)*1/3 -> 0
A82: Annika Keil | B82: 308504 | E82: 10.673333 | F82: 6 | G82: =F82-H82 -> 16.673333 | H82: =I82-E82 -> -10.673333 | I82: =SUM(J82:O82) -> 0 | J82: =SUMIF(Oeffentlichkeitsarbeit!$D:$D,$B82,Oeffentlichkeitsarbeit!$F:$F) -> 0 | K82: =COUNTIF(Fairteiler!$D:$D,$B82)*1/2 -> 0 | L82: =COUNTIF('NP-Betrieb'!D:D,$B82)*1/3 -> 0 | M82: =COUNTIF(Fairteilungen!$D:$D,$B82)*3/4 -> 0 | N82: =COUNTIF(Anlieferung!D:D,$B82)*1/2 -> 0 | O82: =COUNTIF(Probeabholungen!B:B,$B82)*1/3 -> 0
A83: Annika Rummel | B83: 832249 | D83: 45387 | E83: 0 | F83: 6 | G83: =F83-H83 -> 1.1666667 | H83: =I83-E83 -> 4.8333333 | I83: =SUM(J83:O83) -> 4.8333333 | J83: =SUMIF(Oeffentlichkeitsarbeit!$D:$D,$B83,Oeffentlichkeitsarbeit!$F:$F) -> 0 | K83: =COUNTIF(Fairteiler!$D:$D,$B83)*1/2 -> 3.5 | L83: =COUNTIF('NP-Betrieb'!D:D,$B83)*1/3 -> 1.3333333 | M83: =COUNTIF(Fairteilungen!$D:$D,$B83)*3/4 -> 0 | N83: =COUNTIF(Anlieferung!D:D,$B83)*1/2 -> 0 | O83: =COUNTIF(Probeabholungen!B:B,$B83)*1/3 -> 0
A84: Annika Schuller | B84: 413196 | E84: 12 | F84: 6 | G84: =F84-H84 -> 18 | H84: =I84-E84 -> -12 | I84: =SUM(J84:O84) -> 0 | J84: =SUMIF(Oeffentlichkeitsarbeit!$D:$D,$B84,Oeffentlichkeitsarbeit!$F:$F) -> 0 | K84: =COUNTIF(Fairteiler!$D:$D,$B84)*1/2 -> 0 | L84: =COUNTIF('NP-Betrieb'!D:D,$B84)*1/3 -> 0 | M84: =COUNTIF(Fairteilungen!$D:$D,$B84)*3/4 -> 0 | N84: =COUNTIF(Anlieferung!D:D,$B84)*1/2 -> 0 | O84: =COUNTIF(Probeabholungen!B:B,$B84)*1/3 -> 0
A85: Anton Braun | B85: 967743 | D85: 46005 | E85: 0 | F85: 6 | G85: =F85-H85 -> 2.3333333 | H85: =I85-E85 -> 3.6666667 | I85: =SUM(J85:O85) -> 3.6666667 | J85: =SUMIF(Oeffentlichkeitsarbeit!$D:$D,$B85,Oeffentlichkeitsarbeit!$F:$F) -> 0 | K85: =COUNTIF(Fairteiler!$D:$D,$B85)*1/2 -> 0 | L85: =COUNTIF('NP-Betrieb'!D:D,$B85)*1/3 -> 3.6666667 | M85: =COUNTIF(Fairteilungen!$D:$D,$B85)*3/4 -> 0 | N85: =COUNTIF(Anlieferung!D:D,$B85)*1/2 -> 0 | O85: =COUNTIF(Probeabholungen!B:B,$B85)*1/3 -> 0
A86: Anton Winker | B86: 925385 | D86: 45826 | E86: 3 | F86: 6 | G86: =F86-H86 -> 9 | H86: =I86-E86 -> -3 | I86: =SUM(J86:O86) -> 0 | J86: =SUMIF(Oeffentlichkeitsarbeit!$D:$D,$B86,Oeffentlichkeitsarbeit!$F:$F) -> 0 | K86: =COUNTIF(Fairteiler!$D:$D,$B86)*1/2 -> 0 | L86: =COUNTIF('NP-Betrieb'!D:D,$B86)*1/3 -> 0 | M86: =COUNTIF(Fairteilungen!$D:$D,$B86)*3/4 -> 0 | N86: =COUNTIF(Anlieferung!D:D,$B86)*1/2 -> 0 | O86: =COUNTIF(Probeabholungen!B:B,$B86)*1/3 -> 0
A87: Antonia Andres | B87: 686435 | E87: 6 | F87: 6 | G87: =F87-H87 -> 12 | H87: =I87-E87 -> -6 | I87: =SUM(J87:O87) -> 0 | J87: =SUMIF(Oeffentlichkeitsarbeit!$D:$D,$B87,Oeffentlichkeitsarbeit!$F:$F) -> 0 | K87: =COUNTIF(Fairteiler!$D:$D,$B87)*1/2 -> 0 | L87: =COUNTIF('NP-Betrieb'!D:D,$B87)*1/3 -> 0 | M87: =COUNTIF(Fairteilungen!$D:$D,$B87)*3/4 -> 0 | N87: =COUNTIF(Anlieferung!D:D,$B87)*1/2 -> 0 | O87: =COUNTIF(Probeabholungen!B:B,$B87)*1/3 -> 0
A88: Antonia Maurer | B88: 339788 | E88: 10.67 | F88: 6 | G88: =F88-H88 -> 16.67 | H88: =I88-E88 -> -10.67 | I88: =SUM(J88:O88) -> 0 | J88: =SUMIF(Oeffentlichkeitsarbeit!$D:$D,$B88,Oeffentlichkeitsarbeit!$F:$F) -> 0 | K88: =COUNTIF(Fairteiler!$D:$D,$B88)*1/2 -> 0 | L88: =COUNTIF('NP-Betrieb'!D:D,$B88)*1/3 -> 0 | M88: =COUNTIF(Fairteilungen!$D:$D,$B88)*3/4 -> 0 | N88: =COUNTIF(Anlieferung!D:D,$B88)*1/2 -> 0 | O88: =COUNTIF(Probeabholungen!B:B,$B88)*1/3 -> 0
A89: Arezoo Talebi | B89: 604621 | E89: 0 | F89: 6 | G89: =F89-H89 -> 5.3333333 | H89: =I89-E89 -> 0.66666667 | I89: =SUM(J89:O89) -> 0.66666667 | J89: =SUMIF(Oeffentlichkeitsarbeit!$D:$D,$B89,Oeffentlichkeitsarbeit!$F:$F) -> 0 | K89: =COUNTIF(Fairteiler!$D:$D,$B89)*1/2 -> 0 | L89: =COUNTIF('NP-Betrieb'!D:D,$B89)*1/3 -> 0.66666667 | M89: =COUNTIF(Fairteilungen!$D:$D,$B89)*3/4 -> 0 | N89: =COUNTIF(Anlieferung!D:D,$B89)*1/2 -> 0 | O89: =COUNTIF(Probeabholungen!B:B,$B89)*1/3 -> 0
A90: Ariane Kaehlbrandt | B90: 178109 | E90: 0 | F90: 6 | G90: =F90-H90 -> 6 | H90: =I90-E90 -> 0 | I90: =SUM(J90:O90) -> 0 | J90: =SUMIF(Oeffentlichkeitsarbeit!$D:$D,$B90,Oeffentlichkeitsarbeit!$F:$F) -> 0 | K90: =COUNTIF(Fairteiler!$D:$D,$B90)*1/2 -> 0 | L90: =COUNTIF('NP-Betrieb'!D:D,$B90)*1/3 -> 0 | M90: =COUNTIF(Fairteilungen!$D:$D,$B90)*3/4 -> 0 | N90: =COUNTIF(Anlieferung!D:D,$B90)*1/2 -> 0 | O90: =COUNTIF(Probeabholungen!B:B,$B90)*1/3 -> 0
A91: Armela Rashidian | B91: 974730 | D91: 46005 | E91: 0 | F91: 6 | G91: =F91-H91 -> -2.1666667 | H91: =I91-E91 -> 8.1666667 | I91: =SUM(J91:O91) -> 8.1666667 | J91: =SUMIF(Oeffentlichkeitsarbeit!$D:$D,$B91,Oeffentlichkeitsarbeit!$F:$F) -> 0 | K91: =COUNTIF(Fairteiler!$D:$D,$B91)*1/2 -> 1 | L91: =COUNTIF('NP-Betrieb'!D:D,$B91)*1/3 -> 6.6666667 | M91: =COUNTIF(Fairteilungen!$D:$D,$B91)*3/4 -> 0 | N91: =COUNTIF(Anlieferung!D:D,$B91)*1/2 -> 0.5 | O91: =COUNTIF(Probeabholungen!B:B,$B91)*1/3 -> 0
A92: Armin Oelschläger | B92: 489124 | E92: 9.6733333 | F92: 6 | G92: =F92-H92 -> 15.673333 | H92: =I92-E92 -> -9.6733333 | I92: =SUM(J92:O92) -> 0 | J92: =SUMIF(Oeffentlichkeitsarbeit!$D:$D,$B92,Oeffentlichkeitsarbeit!$F:$F) -> 0 | K92: =COUNTIF(Fairteiler!$D:$D,$B92)*1/2 -> 0 | L92: =COUNTIF('NP-Betrieb'!D:D,$B92)*1/3 -> 0 | M92: =COUNTIF(Fairteilungen!$D:$D,$B92)*3/4 -> 0 | N92: =COUNTIF(Anlieferung!D:D,$B92)*1/2 -> 0 | O92: =COUNTIF(Probeabholungen!B:B,$B92)*1/3 -> 0
A93: Arne Splitthof | B93: 899549 | D93: 45895 | E93: 0 | F93: 6 | G93: =F93-H93 -> 6 | H93: =I93-E93 -> 0 | I93: =SUM(J93:O93) -> 0 | J93: =SUMIF(Oeffentlichkeitsarbeit!$D:$D,$B93,Oeffentlichkeitsarbeit!$F:$F) -> 0 | K93: =COUNTIF(Fairteiler!$D:$D,$B93)*1/2 -> 0 | L93: =COUNTIF('NP-Betrieb'!D:D,$B93)*1/3 -> 0 | M93: =COUNTIF(Fairteilungen!$D:$D,$B93)*3/4 -> 0 | N93: =COUNTIF(Anlieferung!D:D,$B93)*1/2 -> 0 | O93: =COUNTIF(Probeabholungen!B:B,$B93)*1/3 -> 0
A94: Assia Maaziz-Cinar | B94: 729487 | D94: 45071 | E94: 0 | F94: 6 | G94: =F94-H94 -> 1.6666667 | H94: =I94-E94 -> 4.3333333 | I94: =SUM(J94:O94) -> 4.3333333 | J94: =SUMIF(Oeffentlichkeitsarbeit!$D:$D,$B94,Oeffentlichkeitsarbeit!$F:$F) -> 1.5 | K94: =COUNTIF(Fairteiler!$D:$D,$B94)*1/2 -> 0 | L94: =COUNTIF('NP-Betrieb'!D:D,$B94)*1/3 -> 2.3333333 | M94: =COUNTIF(Fairteilungen!$D:$D,$B94)*3/4 -> 0 | N94: =COUNTIF(Anlieferung!D:D,$B94)*1/2 -> 0.5 | O94: =COUNTIF(Probeabholungen!B:B,$B94)*1/3 -> 0
A95: Athanasia Giannouli | B95: 12277 | E95: 0 | F95: 6 | G95: =F95-H95 -> 5.6666667 | H95: =I95-E95 -> 0.33333333 | I95: =SUM(J95:O95) -> 0.33333333 | J95: =SUMIF(Oeffentlichkeitsarbeit!$D:$D,$B95,Oeffentlichkeitsarbeit!$F:$F) -> 0 | K95: =COUNTIF(Fairteiler!$D:$D,$B95)*1/2 -> 0 | L95: =COUNTIF('NP-Betrieb'!D:D,$B95)*1/3 -> 0.33333333 | M95: =COUNTIF(Fairteilungen!$D:$D,$B95)*3/4 -> 0 | N95: =COUNTIF(Anlieferung!D:D,$B95)*1/2 -> 0 | O95: =COUNTIF(Probeabholungen!B:B,$B95)*1/3 -> 0
A96: Aud Tauber | B96: 584608 | E96: 0.66666667 | F96: 6 | G96: =F96-H96 -> 6 | H96: =I96-E96 -> 0 | I96: =SUM(J96:O96) -> 0.66666667 | J96: =SUMIF(Oeffentlichkeitsarbeit!$D:$D,$B96,Oeffentlichkeitsarbeit!$F:$F) -> 0 | K96: =COUNTIF(Fairteiler!$D:$D,$B96)*1/2 -> 0 | L96: =COUNTIF('NP-Betrieb'!D:D,$B96)*1/3 -> 0.66666667 | M96: =COUNTIF(Fairteilungen!$D:$D,$B96)*3/4 -> 0 | N96: =COUNTIF(Anlieferung!D:D,$B96)*1/2 -> 0 | O96: =COUNTIF(Probeabholungen!B:B,$B96)*1/3 -> 0
A97: Aylin Önal | B97: 544588 | E97: 15 | F97: 6 | G97: =F97-H97 -> 21 | H97: =I97-E97 -> -15 | I97: =SUM(J97:O97) -> 0 | J97: =SUMIF(Oeffentlichkeitsarbeit!$D:$D,$B97,Oeffentlichkeitsarbeit!$F:$F) -> 0 | K97: =COUNTIF(Fairteiler!$D:$D,$B97)*1/2 -> 0 | L97: =COUNTIF('NP-Betrieb'!D:D,$B97)*1/3 -> 0 | M97: =COUNTIF(Fairteilungen!$D:$D,$B97)*3/4 -> 0 | N97: =COUNTIF(Anlieferung!D:D,$B97)*1/2 -> 0 | O97: =COUNTIF(Probeabholungen!B:B,$B97)*1/3 -> 0
A98: Ayoub Dammene | B98: 563467 | E98: 14.67 | F98: 6 | G98: =F98-H98 -> 20.67 | H98: =I98-E98 -> -14.67 | I98: =SUM(J98:O98) -> 0 | J98: =SUMIF(Oeffentlichkeitsarbeit!$D:$D,$B98,Oeffentlichkeitsarbeit!$F:$F) -> 0 | K98: =COUNTIF(Fairteiler!$D:$D,$B98)*1/2 -> 0 | L98: =COUNTIF('NP-Betrieb'!D:D,$B98)*1/3 -> 0 | M98: =COUNTIF(Fairteilungen!$D:$D,$B98)*3/4 -> 0 | N98: =COUNTIF(Anlieferung!D:D,$B98)*1/2 -> 0 | O98: =COUNTIF(Probeabholungen!B:B,$B98)*1/3 -> 0
A99: Aziza Belkacim | B99: 320478 | E99: 0 | F99: 6 | G99: =F99-H99 -> 5.6666667 | H99: =I99-E99 -> 0.33333333 | I99: =SUM(J99:O99) -> 0.33333333 | J99: =SUMIF(Oeffentlichkeitsarbeit!$D:$D,$B99,Oeffentlichkeitsarbeit!$F:$F) -> 0 | K99: =COUNTIF(Fairteiler!$D:$D,$B99)*1/2 -> 0 | L99: =COUNTIF('NP-Betrieb'!D:D,$B99)*1/3 -> 0.33333333 | M99: =COUNTIF(Fairteilungen!$D:$D,$B99)*3/4 -> 0 | N99: =COUNTIF(Anlieferung!D:D,$B99)*1/2 -> 0 | O99: =COUNTIF(Probeabholungen!B:B,$B99)*1/3 -> 0
A100: Barbara Sideris | B100: 816531 | E100: 0 | F100: 6 | G100: =F100-H100 -> -1.5 | H100: =I100-E100 -> 7.5 | I100: =SUM(J100:O100) -> 7.5 | J100: =SUMIF(Oeffentlichkeitsarbeit!$D:$D,$B100,Oeffentlichkeitsarbeit!$F:$F) -> 0 | K100: =COUNTIF(Fairteiler!$D:$D,$B100)*1/2 -> 2.5 | L100: =COUNTIF('NP-Betrieb'!D:D,$B100)*1/3 -> 5 | M100: =COUNTIF(Fairteilungen!$D:$D,$B100)*3/4 -> 0 | N100: =COUNTIF(Anlieferung!D:D,$B100)*1/2 -> 0 | O100: =COUNTIF(Probeabholungen!B:B,$B100)*1/3 -> 0
...

Sheet Oeffentlichkeitsarbeit
A1: Titel json-Dokument | C1: Datum | D1: ID | E1: Name | F1: Exakte Zeit
A2: Öffentlichkeitsarbeit Januar | D2: 729487 | E2: Assia Maaziz-Cinar | F2: 1
A3: Öffentlichkeitsarbeit Januar | D3: 175002 | E3: Detlef Saemann | F3: 4
A4: Öffentlichkeitsarbeit Januar | D4: 646465 | E4: Ellen Reichelt | F4: 3.5
A5: Öffentlichkeitsarbeit Januar | D5: 600132 | E5: Dominik Naschenweng | F5: 4
A6: Öffentlichkeitsarbeit Januar | D6: 239594 | E6: Birgit Lüdecke | F6: 4
A7: Öffentlichkeitsarbeit Januar | D7: 541315 | E7: Juliane Link | F7: 1.5
A8: Öffentlichkeitsarbeit Januar | D8: 621484 | E8: Jonas Maurer | F8: 4
A9: Öffentlichkeitsarbeit Januar | D9: 75350 | E9: Kathrin Mittel | F9: 5
A10: Öffentlichkeitsarbeit Januar | D10: 72661 | E10: Sigrid Endres | F10: 4
A11: Öffentlichkeitsarbeit Januar | D11: 273277 | E11: Johanna Lenzing | F11: 6
A12: Öffentlichkeitsarbeit Januar | D12: 689126 | E12: Steffanie Sennik | F12: 0.5
A13: Öffentlichkeitsarbeit Januar | D13: 682082 | E13: Liliana Alem | F13: 0.5
... A43: Öffentlichkeitsarbeit März | D43: 425464 | E43: Fabiola Mallach | F43: 4
A44: Instagram Februar, März | D44: 588228 | E44: Louisa | F44: =(35+30)/60 -> 1.0833333
A45: Instandhaltung/Aufbau Fairteiler | D45: 413594 | E45: Tomke Aljets | F45: 1.5
A46: Instandhaltung/Aufbau Fairteiler | D46: 557853 | E46: Susanne Boxberg | F46: =1.5+2 -> 3.5
A47: Instandhaltung/Aufbau Fairteiler | D47: 552077 | E47: Felix van Alsberg | F47: =1.5+2 -> 3.5

Sheet Fairteiler
A1: Titel json-Dokument | C1: Datum | D1: ID | E1: Name
A2: 32714_January_2026.json | B2: pickups | C2: 2026-01-02T18:45:00+01:00 | D2: 568663 | E2: Jutta Steinmann
A3: 32714_January_2026.json | B3: pickups | C3: 2026-01-03T17:30:00+01:00 | D3: 830884 | E3: My-Trinh Ngo
A4: 32714_January_2026.json | B4: pickups | C4: 2026-01-05T18:45:00+01:00 | D4: 726889 | E4: Marek Wolczyski
A5: 32714_January_2026.json | B5: pickups | C5: 2026-01-06T18:45:00+01:00 | D5: 830884 | E5: My-Trinh Ngo
A6: 32714_January_2026.json | B6: pickups | C6: 2026-01-07T18:45:00+01:00 | D6: 830884 | E6: My-Trinh Ngo
A7: 32714_January_2026.json | B7: pickups | C7: 2026-01-08T18:45:00+01:00 | D7: 568663 | E7: Jutta Steinmann
A8: 32714_January_2026.json | B8: pickups | C8: 2026-01-09T18:45:00+01:00 | D8: 595661 | E8: Lara Henning
A9: 32714_January_2026.json | B9: pickups | C9: 2026-01-10T17:30:00+01:00 | D9: 636064 | E9: Marie Grell
A10: 32714_January_2026.json | B10: pickups | C10: 2026-01-12T18:45:00+01:00 | D10: 620294 | E10: Magdalena Grieneisen
A11: 32714_January_2026.json | B11: pickups | C11: 2026-01-13T18:45:00+01:00 | D11: 932894 | E11: Jasmin Tsaava
A12: 32714_January_2026.json | B12: pickups | C12: 2026-01-14T18:45:00+01:00 | D12: 830884 | E12: My-Trinh Ngo
A13: 32714_January_2026.json | B13: pickups | C13: 2026-01-15T18:45:00+01:00 | D13: 286123 | E13: Jonas Weber
... A203: 40251_February_2026.json | B203: pickups | C203: 2026-02-27T17:00:00+01:00 | D203: 569123 | E203: Laura Wagner
A204: 52981_February_2026.json | B204: pickups
A205: 53812_February_2026.json | B205: pickups | C205: 2026-02-01T19:00:00+01:00 | D205: 366232 | E205: Christian Kreinert
A206: 53812_February_2026.json | B206: pickups | C206: 2026-02-02T19:00:00+01:00 | D206: 157147 | E206: Lena Elsasser
A207: 53812_February_2026.json | B207: pickups | C207: 2026-02-03T19:00:00+01:00 | D207: 926369 | E207: Farah Mahmoud
A208: 53812_February_2026.json | B208: pickups | C208: 2026-02-04T19:00:00+01:00 | D208: 924566 | E208: Josefin Adams
A209: 53812_February_2026.json | B209: pickups | C209: 2026-02-05T19:00:00+01:00 | D209: 924566 | E209: Josefin Adams
A210: 53812_February_2026.json | B210: pickups | C210: 2026-02-06T19:00:00+01:00 | D210: 821988 | E210: Bernhard Friedrich
A211: 53812_February_2026.json | B211: pickups | C211: 2026-02-07T19:00:00+01:00 | D211: 974730 | E211: Armela Rashidian
A212: 53812_February_2026.json | B212: pickups | C212: 2026-02-08T19:00:00+01:00 | D212: 563635 | E212: Sabrina Sebald
A213: 53812_February_2026.json | B213: pickups | C213: 2026-02-09T19:00:00+01:00 | D213: 761495 | E213: Mikhail Svyatskiy
A214: 53812_February_2026.json | B214: pickups | C214: 2026-02-10T19:00:00+01:00 | D214: 761495 | E214: Mikhail Svyatskiy
A215: 53812_February_2026.json | B215: pickups | C215: 2026-02-11T19:00:00+01:00 | D215: 967920 | E215: Marc Burkhard
A216: 53812_February_2026.json | B216: pickups | C216: 2026-02-12T19:00:00+01:00 | D216: 366232 | E216: Christian Kreinert
... A466: 67344_March_2026.json | B466: pickups | C466: 2026-03-31T19:00:00+02:00 | D466: 717142 | E466: Francis Usinger
A467: 32714_April_2026.json | C467: 2026-04-01T18:45:00+02:00 | D467: 830884 | E467: My-Trinh Ngo
A468: 32714_April_2026.json | C468: 2026-04-02T18:45:00+02:00 | D468: 620294 | E468: Magdalena Grieneisen
A469: 32714_April_2026.json | C469: 2026-04-04T17:30:00+02:00 | D469: 453313 | E469: Anne Altvater
A470: 32714_April_2026.json | C470: 2026-04-07T18:45:00+02:00 | D470: 932894 | E470: Jasmin Tsaava
A471: 32714_April_2026.json | C471: 2026-04-08T18:45:00+02:00 | D471: 932894 | E471: Jasmin Tsaava
A472: 32714_April_2026.json | C472: 2026-04-09T18:45:00+02:00 | D472: 620294 | E472: Magdalena Grieneisen
A473: 32714_April_2026.json | C473: 2026-04-10T18:45:00+02:00 | D473: 665898 | E473: Annika Frohböse
A474: 32714_April_2026.json | C474: 2026-04-11T17:30:00+02:00 | D474: 452434 | E474: Michael Kowol
A475: 32714_April_2026.json | C475: 2026-04-13T18:45:00+02:00 | D475: 95394 | E475: Dana Schneider
A476: 32714_April_2026.json | C476: 2026-04-14T18:45:00+02:00 | D476: 95394 | E476: Dana Schneider
A477: 32714_April_2026.json | C477: 2026-04-15T18:45:00+02:00 | D477: 452434 | E477: Michael Kowol
A478: 32714_April_2026.json | C478: 2026-04-16T18:45:00+02:00 | D478: 568663 | E478: Jutta Steinmann
... A621: 67344_April_2026.json | C621: 2026-04-30T19:00:00+02:00 | D621: 209946 | E621: Gabriele Amekuedi

Sheet NP-Betrieb
A1: Titel json-Dokument | B1: Spalte1 | C1: Datum | D1: ID | E1: Name
A2: 1121_January_2026.json | B2: pickups | C2: 2026-01-01T17:00:00+01:00 | D2: 789902 | E2: Maja Krawczyk-Sünder
A3: 1121_January_2026.json | B3: pickups | C3: 2026-01-01T17:00:00+01:00 | D3: 960559 | E3: Katrin Neuser
A4: 1121_January_2026.json | B4: pickups | C4: 2026-01-02T18:00:00+01:00 | D4: 151929 | E4: Cornelia Kisch
A5: 1121_January_2026.json | B5: pickups | C5: 2026-01-02T19:30:00+01:00 | D5: 587311 | E5: Katrin Eckmans
A6: 1121_January_2026.json | B6: pickups | C6: 2026-01-02T19:30:00+01:00 | D6: 748420 | E6: Kübra nur Sencan
A7: 1121_January_2026.json | B7: pickups | C7: 2026-01-02T19:30:00+01:00 | D7: 590029 | E7: Christina Meinert
A8: 1121_January_2026.json | B8: pickups | C8: 2026-01-02T21:00:00+01:00 | D8: 858450 | E8: Tatiana Gheorghita
A9: 1121_January_2026.json | B9: pickups | C9: 2026-01-02T21:00:00+01:00 | D9: 949052 | E9: Mevlüt Yilmaz
A10: 1121_January_2026.json | B10: pickups | C10: 2026-01-03T18:00:00+01:00 | D10: 541315 | E10: Juliane Link
A11: 1121_January_2026.json | B11: pickups | C11: 2026-01-03T20:00:00+01:00 | D11: 964211 | E11: Alexandra Päzolt
A12: 1121_January_2026.json | B12: pickups | C12: 2026-01-03T20:50:00+01:00 | D12: 920008 | E12: Rifat Halili
A13: 1121_January_2026.json | B13: pickups | C13: 2026-01-04T20:00:00+01:00 | D13: 590029 | E13: Christina Meinert
... A27: 1121_January_2026.json | B27: pickups | C27: 2026-01-10T14:15:00+01:00 | D27: 425464 | E27: Fabiola Mallach
A28: 1121_January_2026.json | B28: pickups | C28: 2026-01-10T17:00:00+01:00 | D28: 898806
A29: 1121_January_2026.json | B29: pickups | C29: 2026-01-10T20:30:00+01:00 | D29: 935971 | E29: Ralph Steinborn-Rößler
A30: 1121_January_2026.json | B30: pickups | C30: 2026-01-14T19:00:00+01:00 | D30: 617808 | E30: Amanda Sims
A31: 1121_January_2026.json | B31: pickups | C31: 2026-01-15T19:00:00+01:00 | D31: 340877 | E31: Heidrun Janke
A32: 1121_January_2026.json | B32: pickups | C32: 2026-01-15T20:30:00+01:00 | D32: 162003 | E32: Veronika Hummel
A33: 1121_January_2026.json | B33: pickups | C33: 2026-01-16T17:00:00+01:00 | D33: 959536 | E33: Veronica Wooge
A34: 1121_January_2026.json | B34: pickups | C34: 2026-01-17T10:00:00+01:00 | D34: 378759 | E34: Katharine Cloppenburg
A35: 1121_January_2026.json | B35: pickups | C35: 2026-01-17T19:40:00+01:00 | D35: 628110 | E35: Monja Rößler
A36: 1121_January_2026.json | B36: pickups | C36: 2026-01-17T19:40:00+01:00 | D36: 131287 | E36: Nicole Philipp-Jahnke
A37: 1121_January_2026.json | B37: pickups | C37: 2026-01-17T19:45:00+01:00 | D37: 828268 | E37: Aline Eckert
A38: 1121_January_2026.json | B38: pickups | C38: 2026-01-17T19:45:00+01:00 | D38: 920008 | E38: Rifat Halili
A39: 1121_January_2026.json | B39: pickups | C39: 2026-01-17T20:50:00+01:00 | D39: 689981 | E39: Roswitha Bevilacqua
A40: 1121_January_2026.json | B40: pickups | C40: 2026-01-19T19:30:00+01:00 | D40: 875441 | E40: Christoph Lokotsch-Schmidt
... A1535: 63665_February_2026.json | B1535: pickups | C1535: 2026-02-27T18:00:00+01:00 | D1535: 967569 | E1535: Oksana Braun
A1536: 64191_February_2026.json | B1536: pickups
A1537: 64491_February_2026.json | B1537: pickups | C1537: 2026-02-02T07:00:00+01:00 | D1537: 571329 | E1537: Iryna Korolyova
A1538: 64491_February_2026.json | B1538: pickups | C1538: 2026-02-03T07:00:00+01:00 | D1538: 872540 | E1538: Stefan Becker
A1539: 64491_February_2026.json | B1539: pickups | C1539: 2026-02-04T07:00:00+01:00 | D1539: 618122 | E1539: Torsten Sillke
A1540: 64491_February_2026.json | B1540: pickups | C1540: 2026-02-05T07:00:00+01:00 | D1540: 974730 | E1540: Armela Rashidian
A1541: 64491_February_2026.json | B1541: pickups | C1541: 2026-02-06T15:30:00+01:00 | D1541: 618122 | E1541: Torsten Sillke
A1542: 64491_February_2026.json | B1542: pickups | C1542: 2026-02-09T07:00:00+01:00 | D1542: 910059 | E1542: Leona Rath
A1543: 64491_February_2026.json | B1543: pickups | C1543: 2026-02-10T07:00:00+01:00 | D1543: 618122 | E1543: Torsten Sillke
A1544: 64491_February_2026.json | B1544: pickups | C1544: 2026-02-11T07:00:00+01:00 | D1544: 872540 | E1544: Stefan Becker
A1545: 64491_February_2026.json | B1545: pickups | C1545: 2026-02-12T07:00:00+01:00 | D1545: 872540 | E1545: Stefan Becker
A1546: 64491_February_2026.json | B1546: pickups | C1546: 2026-02-13T15:30:00+01:00 | D1546: 618122 | E1546: Torsten Sillke
A1547: 64491_February_2026.json | B1547: pickups | C1547: 2026-02-16T07:00:00+01:00 | D1547: 618122 | E1547: Torsten Sillke
A1548: 64491_February_2026.json | B1548: pickups | C1548: 2026-02-17T07:00:00+01:00 | D1548: 331144 | E1548: Gabriela Rothenmeyer
... A1558: 67643_February_2026.json | B1558: pickups | C1558: 2026-02-26T22:00:00+01:00 | D1558: 905187 | E1558: Tatjana Abich
A1559: 68127_February_2026.json | B1559: pickups
A1560: 45984_Januar+Februar2026.JSON | B1560: pickups | C1560: 2026-01-09T17:45:00+01:00 | D1560: 729156 | E1560: Fouzia Elasraoui
A1561: 45984_Januar+Februar2026.JSON | B1561: pickups | C1561: 2026-01-16T17:45:00+01:00 | D1561: 476617 | E1561: Manuela Kurze
A1562: 45984_Januar+Februar2026.JSON | B1562: pickups | C1562: 2026-01-23T17:45:00+01:00 | D1562: 210824 | E1562: Natalie Debus
A1563: 45984_Januar+Februar2026.JSON | B1563: pickups | C1563: 2026-01-30T17:45:00+01:00 | D1563: 703541 | E1563: Marit Straub
A1564: 45984_Januar+Februar2026.JSON | B1564: pickups | C1564: 2026-02-06T17:00:00+01:00 | D1564: 210824 | E1564: Natalie Debus
A1565: 45984_Januar+Februar2026.JSON | B1565: pickups | C1565: 2026-02-13T17:00:00+01:00 | D1565: 476617 | E1565: Manuela Kurze
A1566: 45984_Januar+Februar2026.JSON | B1566: pickups | C1566: 2026-02-20T17:00:00+01:00 | D1566: 696603 | E1566: Lisa Schmitt
A1567: 45984_Januar+Februar2026.JSON | B1567: pickups | C1567: 2026-02-27T17:00:00+01:00 | D1567: 210824 | E1567: Natalie Debus
A1568: 1121_Noteinsatz_Februar2026.JSON | B1568: pickups | C1568: 2026-02-01T19:00:00+01:00 | D1568: 277668 | E1568: Renate Rosco
A1569: 1121_Noteinsatz_Februar2026.JSON | B1569: pickups | C1569: 2026-02-01T19:00:00+01:00 | D1569: 693099 | E1569: Lisanne Fleischer
A1570: 1121_Noteinsatz_Februar2026.JSON | B1570: pickups | C1570: 2026-02-01T19:00:00+01:00 | D1570: 886392 | E1570: Vivian Ohms
A1571: 1121_Noteinsatz_Februar2026.JSON | B1571: pickups | C1571: 2026-02-02T21:00:00+01:00 | D1571: 828268 | E1571: Aline Eckert
... A2487: 64491_March_2026.json | B2487: pickups | C2487: 2026-03-31T07:00:00+02:00 | D2487: 948789 | E2487: Edda Fugmann
A2488: 1121_April_2026.json | C2488: 2026-04-02T21:00:00+02:00 | D2488: 828268 | E2488: Aline Eckert
A2489: 1121_April_2026.json | C2489: 2026-04-04T18:01:00+02:00 | D2489: 681494 | E2489: Martina Bahlmann
A2490: 1121_April_2026.json | C2490: 2026-04-04T18:01:00+02:00 | D2490: 470624 | E2490: Marjolein Knoblich
A2491: 1121_April_2026.json | C2491: 2026-04-04T19:00:00+02:00 | D2491: 168488 | E2491: Anna Maria Voigt
A2492: 1121_April_2026.json | C2492: 2026-04-04T19:45:00+02:00 | D2492: 773189 | E2492: Oksana Reuter-More
A2493: 1121_April_2026.json | C2493: 2026-04-04T19:45:00+02:00 | D2493: 216772 | E2493: Monica Brunati
A2494: 1121_April_2026.json | C2494: 2026-04-04T19:59:00+02:00 | D2494: 664967 | E2494: Wolfgang Hennig
A2495: 1121_April_2026.json | C2495: 2026-04-04T20:00:00+02:00 | D2495: 676235 | E2495: Marit Trantel
A2496: 1121_April_2026.json | C2496: 2026-04-04T20:00:00+02:00 | D2496: 806909 | E2496: Tena
A2497: 1121_April_2026.json | C2497: 2026-04-06T18:30:00+02:00 | D2497: 151929 | E2497: Cornelia Kisch
A2498: 1121_April_2026.json | C2498: 2026-04-11T14:00:00+02:00 | D2498: 261486 | E2498: Jonka Winkle
A2499: 1121_April_2026.json | C2499: 2026-04-11T14:00:00+02:00 | D2499: 231210 | E2499: Gabriele Thielmann
... A2708: 29222_April_2026.json | C2708: 2026-04-30T21:55:00+02:00 | D2708: 466400 | E2708: Hendrik Rühle
A2709: 29931_April_2026.json
A2710: 30001_April_2026.json | C2710: 2026-04-02T19:30:00+02:00 | D2710: 128554 | E2710: Sergey Hein
A2711: 30001_April_2026.json | C2711: 2026-04-02T20:30:00+02:00 | D2711: 128554 | E2711: Sergey Hein
A2712: 30001_April_2026.json | C2712: 2026-04-07T19:30:00+02:00 | D2712: 696603 | E2712: Lisa Schmitt
A2713: 30001_April_2026.json | C2713: 2026-04-07T20:30:00+02:00 | D2713: 696603 | E2713: Lisa Schmitt
A2714: 30001_April_2026.json | C2714: 2026-04-21T19:30:00+02:00 | D2714: 943909 | E2714: Sabine Neuf
A2715: 30001_April_2026.json | C2715: 2026-04-21T20:30:00+02:00 | D2715: 943909 | E2715: Sabine Neuf
A2716: 30001_April_2026.json | C2716: 2026-04-30T19:30:00+02:00 | D2716: 151929 | E2716: Cornelia Kisch
A2717: 30001_April_2026.json | C2717: 2026-04-30T20:30:00+02:00 | D2717: 151929 | E2717: Cornelia Kisch
A2718: 30003_April_2026.json | C2718: 2026-04-01T18:00:00+02:00 | D2718: 557897 | E2718: Alexander Stecher
A2719: 30003_April_2026.json | C2719: 2026-04-02T18:00:00+02:00 | D2719: 978989 | E2719: Kerstin Siebke
A2720: 30003_April_2026.json | C2720: 2026-04-04T15:00:00+02:00 | D2720: 378341 | E2720: Boris Seifert
A2721: 30003_April_2026.json | C2721: 2026-04-07T18:00:00+02:00 | D2721: 741443 | E2721: Frauke Moeller
... A2738: 30003_April_2026.json | C2738: 2026-04-30T18:00:00+02:00 | D2738: 429425 | E2738: Sarah Franchini
A2739: 31069_April_2026.json
A2740: 31120_April_2026.json | C2740: 2026-04-08T13:30:00+02:00 | D2740: 391348 | E2740: Melanie Gwendolina Keller
A2741: 31120_April_2026.json | C2741: 2026-04-10T13:30:00+02:00 | D2741: 944892 | E2741: Christine Peuser
A2742: 31120_April_2026.json | C2742: 2026-04-10T13:30:00+02:00 | D2742: 970202 | E2742: Anna Dück
A2743: 31120_April_2026.json | C2743: 2026-04-14T15:00:00+02:00 | D2743: 970202 | E2743: Anna Dück
A2744: 31120_April_2026.json | C2744: 2026-04-17T15:00:00+02:00 | D2744: 237426 | E2744: Sergey Chentsov
A2745: 31120_April_2026.json | C2745: 2026-04-21T15:00:00+02:00 | D2745: 725703 | E2745: Lea Sophie Rohe
A2746: 32347_April_2026.json | C2746: 2026-04-01T16:00:00+02:00 | D2746: 873830 | E2746: Corina Vlas
A2747: 32347_April_2026.json | C2747: 2026-04-02T16:00:00+02:00 | D2747: 590029 | E2747: Christina Meinert
A2748: 32347_April_2026.json | C2748: 2026-04-04T14:15:00+02:00 | D2748: 935971 | E2748: Ralph Steinborn-Rößler
A2749: 32347_April_2026.json | C2749: 2026-04-07T16:00:00+02:00 | D2749: 964211 | E2749: Alexandra Päzolt
A2750: 32347_April_2026.json | C2750: 2026-04-08T16:00:00+02:00 | D2750: 918562 | E2750: Stefan Schmitt
A2751: 32347_April_2026.json | C2751: 2026-04-09T16:00:00+02:00 | D2751: 978989 | E2751: Kerstin Siebke
... A3256: 64491_April_2026.json | C3256: 2026-04-30T07:00:00+02:00 | D3256: 571329 | E3256: Iryna Korolyova

Sheet Fairteilungen
A1: Titel json-Dokument | C1: Datum | D1: ID | E1: Name

Sheet Anlieferung
A1: Titel json-Dokument | C1: Datum | D1: ID | E1: Name
A2: 59966_January_2026.json | B2: pickups | C2: 2026-01-06T20:00:00+01:00 | D2: 597434 | E2: Anita Lemaile
A3: 59966_January_2026.json | B3: pickups | C3: 2026-01-06T20:00:00+01:00 | D3: 829843 | E3: Ute van Beuningen
A4: 59966_January_2026.json | B4: pickups | C4: 2026-01-06T20:00:00+01:00 | D4: 302414 | E4: Monika Hutwelker
A5: 59966_January_2026.json | B5: pickups | C5: 2026-01-13T20:00:00+01:00 | D5: 302414 | E5: Monika Hutwelker
A6: 59966_January_2026.json | B6: pickups | C6: 2026-01-13T20:00:00+01:00 | D6: 597434 | E6: Anita Lemaile
A7: 59966_January_2026.json | B7: pickups | C7: 2026-01-13T20:00:00+01:00 | D7: 829843 | E7: Ute van Beuningen
A8: 59966_January_2026.json | B8: pickups | C8: 2026-01-20T20:00:00+01:00 | D8: 597434 | E8: Anita Lemaile
A9: 59966_January_2026.json | B9: pickups | C9: 2026-01-20T20:00:00+01:00 | D9: 500961 | E9: Mojda Helmand
A10: 59966_January_2026.json | B10: pickups | C10: 2026-01-27T20:00:00+01:00 | D10: 597434 | E10: Anita Lemaile
A11: 59966_January_2026.json | B11: pickups | C11: 2026-01-27T20:00:00+01:00 | D11: 914365 | E11: Maria Mokhova
A12: 59966_March_2026.json | B12: pickups | C12: 2026-03-03T20:00:00+01:00 | D12: 597434 | E12: Anita Lemaile
A13: 59966_March_2026.json | B13: pickups | C13: 2026-03-03T20:00:00+01:00 | D13: 302414 | E13: Monika Hutwelker
... A56: 67643_April_2026.json | B56: .json | C56: 2026-04-23T22:00:00+02:00 | D56: 905187 | E56: Tatjana Abich
A57: 68127_April_2026.json | B57: .json

Sheet Probeabholungen
A1: Monat | B1: ID | C1: Name
A2: Januar | B2: 479121 | C2: Andrea Heymann
A3: Januar | B3: 831512 | C3: Annette Prohl
A4: Januar | B4: 635374 | C4: Lisa Gonzalez
A5: Januar | B5: 636064 | C5: Marie Grell
A6: Januar | B6: 162003 | C6: Veronika Hummel
A7: Januar | B7: 629424 | C7: Anja Lobbenmeier
A8: Januar | B8: 267168 | C8: Doris Peck
A9: Januar | B9: 132132 | C9: Lisa Weipert
A10: Januar | B10: 903811 | C10: Isabel Händler
A11: Januar | B11: 496044 | C11: Katja Hofmaier
A12: Januar | B12: 803535 | C12: Sonja Stamm
A13: Januar | B13: 248981 | C13: Alicia Koch
... A104: März | B104: 803535 | C104: Sonja Stamm

Sheet Betriebe
A1: Name Betrieb | B1: URL | C1: Kategorie | D1: ID | E1: Januar | F1: Februar | G1: März | H1: April | I1: Mai | J1: Juni | K1: Juli | L1: August | M1: September | N1: Oktober | O1: November | P1: Dezember
A2: Noteinsatz | C2: NP-Betrieb | D2: 1121 | E2: json | F2: json | G2: json | H2: json
A3: Café Tradita | B3: https://foodsharing.de/store/3738 | C3: NP-Betrieb | D3: 3738 | E3: json | F3: json | G3: json | H3: json
A4: Bäckerei Rausch Bornheim | B4: https://foodsharing.de/store/4061 | C4: NP-Betrieb | D4: 4061 | E4: json | F4: json | G4: json | H4: json
A5: Krabbelstube Kullerwiese | B5: https://foodsharing.de/store/4995 | C5: NP-Betrieb | D5: 4995 | E5: json | F5: json | G5: json | H5: json
A6: MokkaTeeria | B6: https://foodsharing.de/store/12483 | C6: NP-Betrieb | D6: 12483 | E6: json | F6: json | G6: json | H6: json
A7: Dein Backhaus (ehem. Billback) | B7: https://foodsharing.de/store/12530 | C7: NP-Betrieb | D7: 12530 | E7: json | F7: json | G7: json | H7: json
A8: Wochenmarkt Bornheim | B8: https://foodsharing.de/store/12984 | C8: NP-Betrieb | D8: 12984 | E8: json | F8: json | G8: json | H8: json
A9: Wochenmarkt Südbahnhof | B9: https://foodsharing.de/store/15150 | C9: NP-Betrieb | D9: 15150 | E9: json | F9: json | G9: json | H9: json
A10: Intermarkt | B10: https://foodsharing.de/store/18561 | C10: NP-Betrieb | D10: 18561 | E10: json | F10: json | G10: json | H10: json
A11: Kaisermarkt Frankfurt (da Bäcker Stand) | B11: https://foodsharing.de/store/18862 | C11: NP-Betrieb | D11: 18862 | E11: json | F11: json | G11: json | H11: json
A12: Wochenmarkt Schillermarkt | B12: https://foodsharing.de/store/21728 | C12: NP-Betrieb | D12: 21728 | E12: json | F12: json | G12: json | H12: json
A13: Vogelsbergbäcker | B13: https://foodsharing.de/store/24590 | C13: NP-Betrieb | D13: 24590 | E13: json | F13: json | G13: json | H13: json
A14: Wochenmarkt Konstablerwache | B14: https://foodsharing.de/store/25330 | C14: NP-Betrieb | D14: 25330 | E14: json | F14: json | G14: json | H14: json
... A22: Fairteiler Bornheim | B22: https://foodsharing.de/store/32714 | C22: Fairteiler | D22: 32714 | E22: json | F22: json | G22: json | H22: json
A23: Zweigstelle Reformhaus Andersch | C23: NP-Betrieb | D23: 32347 | E23: ab Februar 2026 | F23: json | G23: json | H23: json
A24: K&B Bäckerei Schloßstraße | B24: https://foodsharing.de/store/33087 | C24: NP-Betrieb | D24: 33087 | E24: json | F24: json | G24: json | H24: json
A25: Café Frankfurt (Gutleut) | B25: https://foodsharing.de/store/39396 | C25: geschlossen | D25: 39396 | E25: leer | F25: leer | G25: leer | H25: leer
A26: Fairteiler Ada-Kantine | B26: https://foodsharing.de/store/40251 | C26: Fairteiler | D26: 40251 | E26: json | F26: json | G26: json | H26: json
A27: K&B Bäckerei Oeder Weg | B27: https://foodsharing.de/store/34060 | C27: NP-Betrieb | D27: 34060 | E27: json | F27: json | G27: json | H27: json
A28: Quicker ́s Flughafen, Terminal 1 Ankunft A | B28: https://foodsharing.de/store/42641 | C28: geschlossen | D28: 42641 | E28: leer | F28: leer | G28: leer | H28: leer
A29: Quicker ́s Hauptbahnhof | B29: https://foodsharing.de/store/42648 | C29: geschlossen | D29: 42648 | E29: leer | F29: leer | G29: leer | H29: leer
A30: Bäckerei im Scheck in Center Sachsenhausen | B30: https://foodsharing.de/store/41891 | C30: NP-Betrieb | D30: 41891 | E30: json | F30: json | G30: json | H30: json
A31: Bäckerei Cafe BIBI | B31: https://foodsharing.de/store/45407 | C31: NP-Betrieb | D31: 45407 | E31: json | F31: json | G31: json | H31: json
A32: Dünsberg Bäcker auf dem Wochenmarkt in Heddernheim | B32: https://foodsharing.de/store/45984 | C32: NP-Betrieb | D32: 45984 | E32: json | F32: json | G32: json | H32: json
A33: Foodji | C33: NP-Betrieb | D33: 46028 | E33: json | F33: json | G33: json | H33: json
A34: Tegut Kaiserstraße | B34: https://foodsharing.de/store/47643 | C34: NP-Betrieb | D34: 47643 | E34: json | F34: json | G34: json | H34: json
A35: Bäckerei Antika | B35: https://foodsharing.de/store/49255 | C35: NP-Betrieb | D35: 49255 | E35: json | F35: json | G35: json | H35: json
A36: Öffentlichskeitarbeit | B36: https://foodsharing.de/store/52831 | C36: Ö-Arbeit | D36: 52831 | E36: *json | F36: *json | G36: *json
A37: Fairteiler Höchst | B37: https://foodsharing.de/store/53812 | C37: Fairteiler | D37: 53812 | E37: json | F37: json | G37: json | H37: json
A38: Kita Brandhöfchen | B38: https://foodsharing.de/store/50404 | C38: NP-Betrieb | D38: 50404 | E38: json | F38: json | G38: json | H38: json
A39: Fairteiler Schwanheim | B39: https://foodsharing.de/store/57579 | C39: Fairteiler | D39: 57579 | E39: json | F39: json | G39: json | H39: json
A40: Penny Leipziger Straße | B40: https://foodsharing.de/store/50487 | C40: NP-Betrieb | D40: 50487 | E40: json | F40: json | G40: json | H40: json
A41: Penny Bonames | C41: NP-Betrieb | D41: 50480 | I41: NP ab 01.06.2026
A42: Rewe Junker Frankenallee (Gallus) | C42: NP-Betrieb | D42: 51699 | E42: ab Februar 2026 | F42: json | G42: json | H42: json
A43: Rewe Sachsenhausen | B43: https://foodsharing.de/store/57036 | C43: NP-Betrieb | D43: 57036 | E43: json | F43: json | G43: json | H43: json
A44: Steigenberger Airport Hotel - Frankfurt | B44: https://foodsharing.de/store/57673 | C44: NP-Betrieb | D44: 57673 | E44: json | F44: json | G44: json | H44: json
A45: Schul-Catering Konradhof: Carl-von-Weinberg-Schule Goldstein | B45: https://foodsharing.de/store/57964 | C45: NP-Betrieb | D45: 57964 | E45: json | F45: json | G45: json | H45: json
A46: LM-Anlieferung Nachbarschaftstreff „Nebenan“ | B46: https://foodsharing.de/store/59966 | C46: Anlieferung | D46: 59966 | E46: json | F46: json | G46: json | H46: json
A47: Waldstation Supreme Sports Hospitality | B47: https://foodsharing.de/store/58223 | C47: NP-Betrieb | D47: 58223 | E47: json | F47: json | G47: json | H47: json
A48: Fairteiler Zeilsheim | B48: https://foodsharing.de/store/61227 | C48: Fairteiler | D48: 61227 | E48: json | F48: json | G48: json | H48: json
A49: Café Dillenburg | C49: geschlossen | D49: 61924 | E49: leer | F49: leer | G49: leer | H49: leer
A50: Scandic Hafenpark | B50: https://foodsharing.de/store/62767 | C50: geschlossen | D50: 62767 | E50: leer | F50: leer | G50: leer | H50: leer
A51: Back-Factory (Bornheim Mitte) | B51: https://foodsharing.de/store/58669 | C51: NP-Betrieb | D51: 58669 | E51: json | F51: json | G51: json | H51: json
A52: ASB Dorint Hotel | B52: https://foodsharing.de/store/64376 | C52: geschlossen | D52: 64376 | E52: leer | F52: leer | G52: leer | H52: leer
A53: Backwerk Konstablerwache | B53: https://foodsharing.de/store/58671 | C53: NP-Betrieb | D53: 58671 | E53: json | F53: json | G53: json | H53: json
A54: Fairteiler Nied | B54: foodsharing | Fairteiler Nied (Reinigung) | C54: Fairteiler | D54: 65213 | E54: json | F54: json | G54: json | H54: json
A55: Fairteiler Reinigung MG Haus Gallus | B55: https://foodsharing.de/store/66763 | C55: Fairteiler | D55: 66763 | E55: json | F55: json | G55: json | H55: json
A56: Instagram-Betreuung | C56: Instagram | E56: *json | F56: *json | G56: *json
A57: Probeabholungen | C57: Probeabholungen | E57: *json | F57: *json | G57: *json
A58: Abgabestelle Küfa im QB BGR (Nieder-Eschbach) | B58: https://foodsharing.de/store/67643 | C58: Anlieferung | D58: 67643 | E58: leer | F58: json | G58: json | H58: json
A59: Tafel-Ausgabestelle Gallus | B59: https://foodsharing.de/store/59965 | C59: NP-Betrieb | D59: 59965 | E59: json | F59: json | G59: json | H59: json
A60: Helaba Main Tower | B60: https://foodsharing.de/store/60785 | C60: NP-Betrieb | D60: 60785 | E60: json | F60: json | G60: json | H60: json
A61: DB Fernverkehr Frankfurt HbF | B61: https://foodsharing.de/store/63665 | C61: NP-Betrieb | D61: 63665 | E61: json | F61: json | G61: json | H61: json
A62: Fairteilaktion Regenbogengemeinde | C62: Anlieferung | D62: 68127 | E62: ?? | F62: leer | G62: json | H62: leer
A63: Fairteiler Unterliederbach | C63: Fairteiler | D63: 67344 | E63: ab Februar 2026 | F63: json | G63: json | H63: json
A64: Mahlis Cafe und Co (ehemalls „Erst zum Bäcker“) | B64: https://foodsharing.de/store/64491 | C64: NP-Betrieb | D64: 64491 | E64: json | F64: json | G64: json | H64: json

Sheet Farbcodes
A1: Persönliche Gründe
A2: Alter
A3: Erreicht
A4: Posten
A6: Zweitmitglied (nur relevant für 23)
